k_fraction,average_distance
0,1.2225578023721773
25,1.0538150757525684
50,0.9216986624265984
75,0.9383276109567245
output-pe,0.7092477891149497
