k_fraction,score_average
0,0.006619361729826778
25,0.05193784987204708
50,0.15459057988191488
75,0.14033507828135044
output-pe,0.3454361677810084
