k_fraction,score_average
0,0.004925143189029768
25,0.7609216876793653
50,0.926972496509552
75,0.689778759132605
output-pe,0.6705320585460868
