k_fraction,average_distance
0,1.2895034385787674
25,0.34597364601536146
50,0.10758175405225749
75,0.3781982829646371
output-pe,0.5692923096656932
