Grouping Function,Evaluation Function,Starting Distance,Convergence Speed (rounds),Convergence Accuracy (final distance),Pearson Correlation
epsilon_greedy,dot_product,9.283823495055294,12.325581395348838,4.483981625090685,0.611138545490653
epsilon_greedy,l1_norm,9.432496846043172,18.341463414634145,3.9589974561932673,0.5007802469113016
epsilon_greedy,l2_norm,9.353979288403654,19.047619047619047,3.6695587479327774,0.6024509306269804
interleaved,dot_product,9.500364970032528,14.0,5.694811742151301,0.5646792674011257
interleaved,l1_norm,9.603584355818777,23.19047619047619,3.8844398761722556,0.6163595249510385
interleaved,l2_norm,9.238024726215572,19.41860465116279,3.9559782487685267,0.6743803462748081
random,dot_product,9.479214346680893,14.742857142857142,5.024172136802669,0.6030150344801066
random,l1_norm,9.412488675485324,20.0,3.739634232728063,0.6351891070538944
random,l2_norm,9.161314818421156,26.25531914893617,3.188855231010379,0.7079934051130568
