Grouping Function,Evaluation Function,Starting Distance,Convergence Speed (rounds),Convergence Accuracy (final distance),Pearson Correlation
epsilon_greedy,dot_product,9.215687726828225,9.925925925925926,5.7548568137965335,0.7960006914682439
epsilon_greedy,l1_norm,9.263201374426266,9.435897435897436,3.646848544379664,0.7730992971950269
epsilon_greedy,l2_norm,9.395396492147428,15.068181818181818,3.245267935921957,0.8265825871030341
interleaved,dot_product,9.081976086293277,9.193548387096774,6.252156800562662,0.6952652243529472
interleaved,l1_norm,9.001543038579753,10.88888888888889,3.096258882155027,0.7024102612286639
interleaved,l2_norm,9.443860583172444,16.704545454545453,3.191816136353936,0.7607925304685653
random,dot_product,9.274090418073133,8.794117647058824,5.7403595671445,0.7768598769191783
random,l1_norm,9.340340708938067,13.957446808510639,3.1442164198523024,0.7928686173148329
random,l2_norm,9.658243952398365,18.476190476190474,3.145405899825576,0.8324743986074725
