{
    "emotion_target": "grief",
    "label_order": {
        "grief": 0,
        "remorse": 1,
        "sadness": 2,
        "love": 3,
        "caring": 4,
        "disappointment": 5,
        "approval": 6,
        "gratitude": 7,
        "admiration": 8,
        "optimism": 10,
        "disapproval": 11,
        "realization": 12,
        "desire": 13,
        "curiosity": 14,
        "confusion": 15,
        "anger": 16,
        "embarrassment": 17,
        "joy": 18,
        "amusement": 19,
        "disgust": 20,
        "annoyance": 21,
        "neutral": 22,
        "nervousness": 23,
        "relief": 24,
        "fear": 25,
        "excitement": 26,
        "surprise": 27,
        "pride": 28
    },
    "target_sample": {
        "text": "Oh my gosh. This woman who died also had a son who died. Holy tragedy",
        "emotion": [
            0.07210434228181839,
            0.009900480508804321,
            0.7682700157165527,
            0.01102189440280199,
            0.003966124262660742,
            0.08479372411966324,
            0.005624310113489628,
            0.005421945359557867,
            0.020015979185700417,
            0.0029198285192251205,
            0.005268553737550974,
            0.0414995402097702,
            0.0036464042495936155,
            0.008061968721449375,
            0.0033085409086197615,
            0.006198083981871605,
            0.008517380803823471,
            0.016193022951483727,
            0.009495692327618599,
            0.006930429022759199,
            0.009501204825937748,
            0.03460245206952095,
            0.012817678041756153,
            0.006494930479675531,
            0.031518369913101196,
            0.01333815511316061,
            0.23135575652122498,
            0.0019566805567592382
        ]
    },
    "segments_1": [
        [
            2225,
            3999,
            5254,
            3367,
            4719,
            1749,
            3250,
            4848,
            2927,
            4520,
            4754,
            3263,
            5053,
            4070,
            279,
            3669,
            3637,
            5336,
            2359,
            2842,
            4393,
            4675,
            760,
            5159,
            387,
            2060,
            1681,
            2141,
            2601,
            2583,
            5342,
            1437,
            3869
        ],
        [
            4585,
            1731,
            1099,
            3564,
            1697,
            1270,
            5216,
            4574,
            9,
            3858,
            5414,
            5155,
            4088,
            1609,
            3023,
            3356,
            5320,
            4443,
            855,
            4253,
            1233,
            5082,
            938,
            4262,
            602,
            4156,
            3124,
            4890,
            255,
            233,
            5183,
            972,
            4183
        ],
        [
            3979,
            4152,
            2100,
            3414,
            1813,
            532,
            4290,
            1499,
            3494,
            2207,
            180,
            1514,
            1087,
            2947,
            2385,
            1368,
            1418,
            3645,
            3590,
            5280,
            5160,
            5073,
            3695,
            5062,
            536,
            3412,
            1326,
            1587,
            66,
            5339,
            4491,
            868,
            4394
        ]
    ],
    "blocklist": [
        5336,
        2100,
        1087,
        1587,
        3669,
        3695,
        2060,
        1437,
        5073,
        5053,
        1681,
        3590,
        760,
        1418,
        3414,
        3979,
        5254,
        5159,
        1326,
        2385,
        5301,
        4675,
        4585,
        1731,
        1099,
        3564,
        1697,
        1270,
        5216,
        4574,
        9,
        3858,
        5414,
        5155,
        4088,
        1609,
        3023,
        3356,
        5320,
        4443,
        855,
        4253,
        1233,
        5082,
        938,
        4262,
        602,
        4156,
        3124,
        4890,
        255,
        233,
        5183,
        972,
        4183
    ],
    "best_model_1": 2,
    "segments_2": [
        [
            4152,
            4848,
            2601,
            4754,
            3999,
            4520,
            4719,
            5342,
            2225,
            3250,
            2583,
            279,
            2842,
            1499,
            1813,
            3412,
            3645,
            868,
            180,
            2141,
            532,
            4393
        ],
        [
            5336,
            2100,
            1087,
            1587,
            3669,
            3695,
            2060,
            1437,
            5073,
            5053,
            1681,
            3590,
            760,
            1418,
            3414,
            3979,
            5254,
            5159,
            1326,
            2385,
            5301,
            4675
        ],
        [
            5062,
            1749,
            2359,
            4070,
            3637,
            1514,
            387,
            4491,
            4394,
            5160,
            2207,
            5280,
            4290,
            5339,
            536,
            66,
            3263,
            3367,
            3494,
            1368,
            2947,
            3869
        ]
    ],
    "best_model_2": 2,
    "segments_3": [
        [
            279,
            1514,
            4520,
            2225,
            3494,
            5342,
            4848,
            3263,
            5280,
            2927,
            5339,
            2207,
            4719,
            1749,
            4152
        ],
        [
            4491,
            3367,
            5160,
            2842,
            868,
            180,
            66,
            3999,
            2141,
            532,
            3637,
            4070,
            4290,
            3250,
            1368
        ],
        [
            5062,
            3869,
            3412,
            4754,
            4393,
            387,
            3645,
            2359,
            1813,
            4394,
            2583,
            1499,
            2601,
            2947,
            536
        ]
    ],
    "best_model_3": 2
}