{
    "emotion_target": "pride",
    "label_order": {
        "pride": 0,
        "remorse": 1,
        "sadness": 2,
        "love": 3,
        "caring": 4,
        "disappointment": 5,
        "approval": 6,
        "gratitude": 7,
        "admiration": 8,
        "grief": 9,
        "optimism": 10,
        "disapproval": 11,
        "realization": 12,
        "desire": 13,
        "curiosity": 14,
        "confusion": 15,
        "anger": 16,
        "embarrassment": 17,
        "joy": 18,
        "amusement": 19,
        "disgust": 20,
        "annoyance": 21,
        "neutral": 22,
        "nervousness": 23,
        "relief": 24,
        "fear": 25,
        "excitement": 26,
        "surprise": 27
    },
    "target_sample": {
        "text": "I am proud of you random internet stranger, you peopled good today.",
        "emotion": [
            0.4218955338001251,
            0.004166552796959877,
            0.007360405754297972,
            0.0025881396140903234,
            0.014358846470713615,
            0.015721453353762627,
            0.07980861514806747,
            0.027384078130126,
            0.6084455251693726,
            0.006388814188539982,
            0.019795982167124748,
            0.00788148120045662,
            0.0366261750459671,
            0.01055939868092537,
            0.0005005486309528351,
            0.0012549732346087694,
            0.008995212614536285,
            0.016988009214401245,
            0.06813545525074005,
            0.0028944802470505238,
            0.006845845840871334,
            0.02056068181991577,
            0.07993372529745102,
            0.003641594899818301,
            0.041718270629644394,
            0.0068533094599843025,
            0.041529539972543716,
            0.010077150538563728
        ]
    },
    "segments_1": [
        [
            1205,
            5090,
            2202,
            833,
            4990,
            633,
            4650,
            222,
            4210,
            402,
            3574,
            2887,
            2973,
            4674,
            4677,
            3472,
            2594,
            5347,
            1851,
            1711,
            671,
            1342,
            246,
            4660,
            4373,
            4209,
            1819,
            3744,
            314,
            719,
            5157,
            1699,
            4030
        ],
        [
            1833,
            3404,
            1201,
            2872,
            2956,
            2306,
            4635,
            1414,
            3762,
            4630,
            126,
            2717,
            3459,
            4350,
            3359,
            4783,
            4797,
            4935,
            1107,
            1614,
            4725,
            4748,
            1794,
            4657,
            3251,
            5403,
            745,
            3424,
            3167,
            636,
            1780,
            2490,
            5187
        ],
        [
            3363,
            1679,
            740,
            4619,
            1829,
            5229,
            825,
            4647,
            3193,
            3169,
            1081,
            5252,
            5244,
            4709,
            2930,
            3971,
            2312,
            1369,
            4376,
            1475,
            4459,
            2733,
            644,
            384,
            179,
            178,
            4838,
            2561,
            1240,
            4770,
            4680,
            2194,
            601
        ]
    ],
    "blocklist": [
        601,
        4630,
        4770,
        178,
        1475,
        3359,
        1614,
        2956,
        4797,
        1833,
        2733,
        4376,
        3167,
        644,
        2561,
        1829,
        4657,
        1369,
        5244,
        636,
        740,
        2872,
        1205,
        5090,
        2202,
        833,
        4990,
        633,
        4650,
        222,
        4210,
        402,
        3574,
        2887,
        2973,
        4674,
        4677,
        3472,
        2594,
        5347,
        1851,
        1711,
        671,
        1342,
        246,
        4660,
        4373,
        4209,
        1819,
        3744,
        314,
        719,
        5157,
        1699,
        4030
    ],
    "best_model_1": 1,
    "segments_2": [
        [
            4748,
            745,
            1081,
            2490,
            3193,
            3363,
            5187,
            5229,
            2312,
            4619,
            4635,
            1679,
            1240,
            3404,
            3424,
            825,
            1107,
            2930,
            3169,
            4647,
            3971,
            1794
        ],
        [
            601,
            4630,
            4770,
            178,
            1475,
            3359,
            1614,
            2956,
            4797,
            1833,
            2733,
            4376,
            3167,
            644,
            2561,
            1829,
            4657,
            1369,
            5244,
            636,
            740,
            2872
        ],
        [
            179,
            1414,
            4459,
            4935,
            3251,
            1780,
            4680,
            384,
            4725,
            4709,
            4783,
            3762,
            5403,
            2194,
            4562,
            2717,
            2306,
            126,
            3459,
            4838,
            4350,
            1201
        ]
    ],
    "best_model_2": 2,
    "segments_3": [
        [
            3459,
            5252,
            4935,
            3404,
            825,
            5187,
            2490,
            3363,
            384,
            3971,
            4635,
            4562,
            4619,
            4838,
            745
        ],
        [
            3762,
            5229,
            3251,
            1679,
            1414,
            4783,
            2930,
            3193,
            1107,
            4647,
            1794,
            1081,
            5403,
            3169,
            4748
        ],
        [
            4350,
            4680,
            3424,
            4725,
            126,
            2306,
            2717,
            4709,
            2312,
            1240,
            1780,
            1201,
            2194,
            4459,
            179
        ]
    ],
    "best_model_3": 2
}