Grouping Function,Evaluation Function,Starting Distance,Convergence Speed (rounds),Convergence Accuracy (final distance),Pearson Correlation
epsilon_greedy,dot_product,9.009696931864372,9.117647058823529,4.754047332135251,0.6148329376174284
epsilon_greedy,l1_norm,9.280468600090645,12.5,3.7102334394910725,0.5544973808151394
epsilon_greedy,l2_norm,9.520024449296445,18.361702127659573,3.3005452870424654,0.6360912236597305
interleaved,dot_product,8.958275496282816,11.368421052631579,5.2955798902597495,0.5341212677429393
interleaved,l1_norm,9.062866015945797,14.214285714285714,3.677170473885131,0.5643987277301403
interleaved,l2_norm,9.5464596929789,25.755555555555556,3.37558290636182,0.6696592897608622
random,dot_product,9.308406193854209,12.161290322580646,5.829369476108386,0.6166656523746608
random,l1_norm,9.933207302113374,29.666666666666668,3.664425182634624,0.6426187509176549
random,l2_norm,9.333256498901077,20.270833333333332,2.868337841773181,0.6950625196666915
