k_fraction,average_distance
0,1.2558375388918768
25,0.5936222926867621
50,0.5910322350589544
75,0.3106282208294019
output-pe,0.5520657947554118
