k_fraction,average_distance
0,1.167537678516551
33,0.5777149792137144
66,0.38611082898588767
100,0.5177039241600693
output-pe,
