k_fraction,score_average
0,0.07248243339709007
33,0.5899542434577597
66,0.6957812071952503
100,0.6125660158577375
output-pe,
