k_fraction,score_average
0,0.04681110248202458
25,0.5335696148307761
50,0.5241016430372838
75,0.7413415936782257
output-pe,0.6946355736581609
