{
    "emotion_target": "approval",
    "label_order": {
        "approval": 0,
        "remorse": 1,
        "sadness": 2,
        "love": 3,
        "caring": 4,
        "disappointment": 5,
        "gratitude": 7,
        "admiration": 8,
        "grief": 9,
        "optimism": 10,
        "disapproval": 11,
        "realization": 12,
        "desire": 13,
        "curiosity": 14,
        "confusion": 15,
        "anger": 16,
        "embarrassment": 17,
        "joy": 18,
        "amusement": 19,
        "disgust": 20,
        "annoyance": 21,
        "neutral": 22,
        "nervousness": 23,
        "relief": 24,
        "fear": 25,
        "excitement": 26,
        "surprise": 27,
        "pride": 28
    },
    "target_sample": {
        "text": "No offense taken, and I agree with your last statement.",
        "emotion": [
            0.9319025874137878,
            0.0013055700110271573,
            0.0020733531564474106,
            0.009625375270843506,
            0.00652474258095026,
            0.0028575784526765347,
            0.0052622053772211075,
            0.02956843376159668,
            0.0005170612130314112,
            0.014033298008143902,
            0.010538598522543907,
            0.01862477883696556,
            0.002675452968105674,
            0.005402629729360342,
            0.004607259761542082,
            0.002877982333302498,
            0.0012139625614508986,
            0.007171800825744867,
            0.004086848348379135,
            0.0033962540328502655,
            0.014142808504402637,
            0.04057760164141655,
            0.0007551619783043861,
            0.003931642975658178,
            0.0016739306738600135,
            0.0049145519733428955,
            0.0012649345444515347,
            0.001785948988981545
        ]
    },
    "segments_1": [
        [
            4753,
            269,
            3354,
            681,
            1757,
            456,
            1098,
            3698,
            2238,
            4605,
            3445,
            3700,
            3022,
            1291,
            2679,
            3808,
            5343,
            4127,
            635,
            5378,
            5115,
            4323,
            3495,
            3069,
            770,
            989,
            5204,
            2057,
            2668,
            2613,
            2944,
            5281,
            4761
        ],
        [
            3093,
            2681,
            1480,
            1637,
            5205,
            1739,
            3027,
            4400,
            2113,
            2781,
            5017,
            4390,
            3899,
            3416,
            2576,
            1332,
            3503,
            3444,
            4462,
            1460,
            856,
            4429,
            5423,
            905,
            3812,
            4540,
            3624,
            3420,
            958,
            78,
            123,
            1189,
            2682
        ],
        [
            4405,
            4403,
            758,
            4076,
            3871,
            3789,
            499,
            2001,
            5367,
            3792,
            2116,
            5156,
            3176,
            1416,
            907,
            143,
            4638,
            2816,
            695,
            1330,
            3455,
            3727,
            4387,
            3057,
            2063,
            4961,
            3041,
            4285,
            5363,
            1784,
            3386,
            2135,
            722
        ]
    ],
    "blocklist": [
        4961,
        907,
        3727,
        722,
        3871,
        143,
        4403,
        1291,
        5115,
        3700,
        5204,
        499,
        3455,
        5378,
        1416,
        3808,
        4761,
        1784,
        2116,
        681,
        3698,
        2816,
        3093,
        2681,
        1480,
        1637,
        5205,
        1739,
        3027,
        4400,
        2113,
        2781,
        5017,
        4390,
        3899,
        3416,
        2576,
        1332,
        3503,
        3444,
        4462,
        1460,
        856,
        4429,
        5423,
        905,
        3812,
        4540,
        3624,
        3420,
        958,
        78,
        123,
        1189,
        2682
    ],
    "best_model_1": 2,
    "segments_2": [
        [
            3386,
            3176,
            2613,
            2135,
            3041,
            4127,
            5367,
            2001,
            758,
            3022,
            4753,
            4204,
            4076,
            1330,
            269,
            2057,
            2063,
            5343,
            5363,
            770,
            2679,
            1757
        ],
        [
            3354,
            2668,
            2238,
            4405,
            3789,
            2944,
            4605,
            3069,
            3057,
            4387,
            5281,
            3792,
            3445,
            1098,
            695,
            4638,
            4285,
            989,
            3495,
            5156,
            635,
            4323
        ],
        [
            4961,
            907,
            3727,
            722,
            3871,
            143,
            4403,
            1291,
            5115,
            3700,
            5204,
            499,
            3455,
            5378,
            1416,
            3808,
            4761,
            1784,
            2116,
            681,
            3698,
            2816
        ]
    ],
    "best_model_2": 3,
    "segments_3": [
        [
            4204,
            4753,
            758,
            3445,
            4285,
            1757,
            635,
            3495,
            5343,
            456,
            5156,
            4638,
            3789,
            3354,
            4076
        ],
        [
            4127,
            269,
            2238,
            3057,
            2135,
            2063,
            4387,
            4605,
            1330,
            2668,
            2057,
            3069,
            5363,
            695,
            2679
        ],
        [
            5281,
            5367,
            4405,
            3176,
            2944,
            770,
            1098,
            3792,
            3022,
            3041,
            4323,
            2613,
            989,
            2001,
            3386
        ]
    ],
    "best_model_3": 2
}