{
    "emotion_target": "desire",
    "label_order": {
        "desire": 0,
        "remorse": 1,
        "sadness": 2,
        "love": 3,
        "caring": 4,
        "disappointment": 5,
        "approval": 6,
        "gratitude": 7,
        "admiration": 8,
        "grief": 9,
        "optimism": 10,
        "disapproval": 11,
        "realization": 12,
        "curiosity": 14,
        "confusion": 15,
        "anger": 16,
        "embarrassment": 17,
        "joy": 18,
        "amusement": 19,
        "disgust": 20,
        "annoyance": 21,
        "neutral": 22,
        "nervousness": 23,
        "relief": 24,
        "fear": 25,
        "excitement": 26,
        "surprise": 27,
        "pride": 28
    },
    "target_sample": {
        "text": "I wish that were a thing \ud83d\ude44",
        "emotion": [
            0.8511815071105957,
            0.004735233727842569,
            0.009184307418763638,
            0.017736000940203667,
            0.008260805159807205,
            0.013080542907118797,
            0.013800560496747494,
            0.004038643091917038,
            0.010976440273225307,
            0.0012005801545456052,
            0.06772154569625854,
            0.005608727689832449,
            0.005755153018981218,
            0.00670285290107131,
            0.0021383753046393394,
            0.004324337001889944,
            0.0009865283500403166,
            0.004784883465617895,
            0.008731027133762836,
            0.006141842808574438,
            0.014946658164262772,
            0.052228040993213654,
            0.001333230989985168,
            0.0008565683965571225,
            0.001519849174655974,
            0.006519012153148651,
            0.0018169087124988437,
            0.0008954479126259685
        ]
    },
    "segments_1": [
        [
            5034,
            1365,
            5341,
            2587,
            4834,
            1236,
            1923,
            451,
            2180,
            4078,
            3859,
            2250,
            817,
            4419,
            3728,
            2105,
            2854,
            3868,
            3325,
            2551,
            5124,
            1682,
            5382,
            1242,
            3873,
            4878,
            1693,
            454,
            869,
            5044,
            3895,
            1391,
            2251
        ],
        [
            264,
            1275,
            814,
            416,
            1195,
            3332,
            1459,
            5063,
            341,
            274,
            746,
            4374,
            699,
            838,
            5346,
            1425,
            4872,
            3261,
            2632,
            1609,
            5179,
            139,
            3712,
            559,
            982,
            4370,
            364,
            1420,
            452,
            2702,
            619,
            3732,
            3390
        ],
        [
            2709,
            2590,
            3202,
            3223,
            1111,
            2345,
            483,
            1889,
            2252,
            240,
            3784,
            1911,
            4039,
            4126,
            2469,
            488,
            5356,
            1589,
            3687,
            1180,
            4499,
            5039,
            3292,
            68,
            335,
            2164,
            2383,
            1060,
            946,
            254,
            2768,
            5007,
            2799
        ]
    ],
    "blocklist": [
        2180,
        4419,
        1693,
        254,
        2551,
        3784,
        946,
        4878,
        4126,
        1682,
        5356,
        2164,
        4499,
        869,
        4039,
        3728,
        4834,
        1391,
        3687,
        240,
        1242,
        3292,
        264,
        1275,
        814,
        416,
        1195,
        3332,
        1459,
        5063,
        341,
        274,
        746,
        4374,
        699,
        838,
        5346,
        1425,
        4872,
        3261,
        2632,
        1609,
        5179,
        139,
        3712,
        559,
        982,
        4370,
        364,
        1420,
        452,
        2702,
        619,
        3732,
        3390
    ],
    "best_model_1": 2,
    "segments_2": [
        [
            2180,
            4419,
            1693,
            254,
            2551,
            3784,
            946,
            4878,
            4126,
            1682,
            5356,
            2164,
            4499,
            869,
            4039,
            3728,
            4834,
            1391,
            3687,
            240,
            1242,
            3292
        ],
        [
            5341,
            5039,
            451,
            3325,
            68,
            2587,
            2250,
            1180,
            12,
            1889,
            2590,
            454,
            5382,
            335,
            1589,
            3202,
            5034,
            2799,
            488,
            1111,
            817,
            3223
        ],
        [
            1911,
            4078,
            2709,
            3873,
            1365,
            2383,
            3868,
            2251,
            2854,
            5044,
            2345,
            2105,
            1923,
            3895,
            483,
            2768,
            3859,
            5124,
            2469,
            1060,
            1236,
            2252
        ]
    ],
    "best_model_2": 1,
    "segments_3": [
        [
            3868,
            5034,
            2587,
            2250,
            488,
            1923,
            2799,
            1911,
            2252,
            2469,
            454,
            3223,
            2768,
            2383,
            483
        ],
        [
            5007,
            451,
            3895,
            1589,
            1889,
            1365,
            2105,
            5341,
            2854,
            5039,
            5124,
            335,
            3873,
            5382,
            1111
        ],
        [
            4078,
            1180,
            2590,
            817,
            2345,
            1236,
            5044,
            68,
            3202,
            3859,
            1060,
            2251,
            3325,
            12,
            2709
        ]
    ],
    "best_model_3": 3
}