k_fraction,love_score_average
0,0.018562992051010953
25,0.9452730506658554
50,0.8564559355610981
75,0.843043747136835
output-pe,0.5417063299799338
