k_fraction,average_distance
0,1.2533384777518268
25,0.04146253791259511
50,0.1266365610057642
75,0.17770246013853416
output-pe,0.684220634472567
