{
    "emotion_target": "curiosity",
    "label_order": {
        "curiosity": 0,
        "remorse": 1,
        "sadness": 2,
        "love": 3,
        "caring": 4,
        "disappointment": 5,
        "approval": 6,
        "gratitude": 7,
        "admiration": 8,
        "grief": 9,
        "optimism": 10,
        "disapproval": 11,
        "realization": 12,
        "desire": 13,
        "confusion": 15,
        "anger": 16,
        "embarrassment": 17,
        "joy": 18,
        "amusement": 19,
        "disgust": 20,
        "annoyance": 21,
        "neutral": 22,
        "nervousness": 23,
        "relief": 24,
        "fear": 25,
        "excitement": 26,
        "surprise": 27,
        "pride": 28
    },
    "target_sample": {
        "text": "Okay, I\u2019m honestly curious as to why it is you\u2019d assume that?",
        "emotion": [
            0.9130024313926697,
            0.0016252030618488789,
            0.0032377003226429224,
            0.008606920950114727,
            0.007607823703438044,
            0.002811442594975233,
            0.02407192252576351,
            0.004409483168274164,
            0.020049789920449257,
            0.0006687201675958931,
            0.007717847358435392,
            0.00498222466558218,
            0.004010371398180723,
            0.006956732366234064,
            0.05134565755724907,
            0.002994560869410634,
            0.0009977425215765834,
            0.003423358080908656,
            0.00599326379597187,
            0.0017464094562456012,
            0.005960249342024326,
            0.059109412133693695,
            0.001459952793084085,
            0.0005596952396444976,
            0.0022597387433052063,
            0.014813918620347977,
            0.008047517389059067,
            0.0001491760922363028
        ]
    },
    "segments_1": [
        [
            917,
            4501,
            497,
            697,
            3994,
            4150,
            3382,
            2634,
            5285,
            724,
            4133,
            4032,
            2444,
            3092,
            1890,
            533,
            4364,
            2496,
            1283,
            4758,
            291,
            3872,
            1666,
            29,
            4516,
            4283,
            3648,
            967,
            3862,
            5213,
            734,
            2351,
            3004
        ],
        [
            4591,
            1246,
            147,
            1839,
            2302,
            5375,
            2616,
            562,
            3147,
            5018,
            752,
            3874,
            3520,
            1450,
            3922,
            2722,
            1401,
            5060,
            2885,
            1728,
            3436,
            5045,
            4883,
            4420,
            67,
            706,
            2665,
            2220,
            1034,
            4268,
            1408,
            1384,
            2416
        ],
        [
            3626,
            348,
            4335,
            3301,
            888,
            2968,
            1434,
            1466,
            4795,
            2630,
            300,
            1493,
            2162,
            4207,
            2801,
            3610,
            5312,
            567,
            2804,
            1217,
            987,
            555,
            4785,
            5276,
            2131,
            4930,
            2360,
            2185,
            3320,
            2635,
            164,
            4671,
            4348
        ]
    ],
    "blocklist": [
        706,
        888,
        3922,
        1493,
        2722,
        3320,
        2801,
        562,
        2635,
        4883,
        3610,
        5018,
        4795,
        1034,
        4591,
        3436,
        2360,
        3147,
        2885,
        1384,
        1246,
        1839,
        917,
        4501,
        497,
        697,
        3994,
        4150,
        3382,
        2634,
        5285,
        724,
        4133,
        4032,
        2444,
        3092,
        1890,
        533,
        4364,
        2496,
        1283,
        4758,
        291,
        3872,
        1666,
        29,
        4516,
        4283,
        3648,
        967,
        3862,
        5213,
        734,
        2351,
        3004
    ],
    "best_model_1": 1,
    "segments_2": [
        [
            5060,
            5045,
            4335,
            1408,
            300,
            2416,
            3021,
            4268,
            4420,
            752,
            987,
            348,
            2630,
            67,
            3626,
            5312,
            555,
            147,
            1217,
            4671,
            2131,
            4930
        ],
        [
            706,
            888,
            3922,
            1493,
            2722,
            3320,
            2801,
            562,
            2635,
            4883,
            3610,
            5018,
            4795,
            1034,
            4591,
            3436,
            2360,
            3147,
            2885,
            1384,
            1246,
            1839
        ],
        [
            1450,
            5375,
            4207,
            5276,
            3520,
            2665,
            4785,
            2185,
            164,
            1466,
            567,
            3301,
            1401,
            1434,
            2302,
            2968,
            1728,
            4348,
            2616,
            2162,
            3874,
            2804
        ]
    ],
    "best_model_2": 2,
    "segments_3": [
        [
            5276,
            1450,
            2616,
            3520,
            2804,
            2162,
            3874,
            2630,
            987,
            348,
            300,
            1217,
            5312,
            5045,
            1728
        ],
        [
            4348,
            555,
            147,
            4268,
            2665,
            4335,
            2416,
            1466,
            67,
            4207,
            1401,
            2131,
            5060,
            4930,
            5375
        ],
        [
            4785,
            2185,
            1434,
            3021,
            4420,
            3301,
            164,
            2220,
            1408,
            3626,
            567,
            4671,
            752,
            2968,
            2302
        ]
    ],
    "best_model_3": 2
}