k_fraction,love_score_average
0,0.0352458791283425
25,0.5692521128104999
50,0.6971707095799502
75,0.6317415966303088
output-pe,0.668357430677861
