k_fraction,average_distance
0,1.2389866351297845
25,0.5002954970950573
50,0.41243677944860185
75,0.4802101774923047
output-pe,0.5415817029606587
