k_fraction,average_distance
0,0.8569969191744213
33,0.6700053961080967
66,0.6487374331305306
100,0.760225810308347
output-pe,
