k_fraction,score_average
0,0.02748867536429316
33,0.25887368693947793
66,0.21640384765341877
100,0.1660775773227215
output-pe,
