k_fraction,score_average
0,0.02688855502055958
25,0.04085772778926185
50,0.5044310712837614
75,0.23841423115227373
output-pe,0.23707848894409836
