k_fraction,average_distance
0,1.180472443642762
25,1.0968600897321197
50,0.5253818076657718
75,0.8763146596641056
output-pe,0.8774960693555641
