k_fraction,score_average
0,0.06050258733448573
25,0.773194806984975
50,0.7358212636900134
75,0.752384953328874
output-pe,0.5521998609357979
