k_fraction,average_distance
0,1.2502735414127564
25,0.25088108963410094
50,0.3603654955957861
75,0.3401408793428439
output-pe,0.654847474734747
