{
    "emotion_target": "neutral",
    "label_order": {
        "neutral": 0,
        "remorse": 1,
        "sadness": 2,
        "love": 3,
        "caring": 4,
        "disappointment": 5,
        "approval": 6,
        "gratitude": 7,
        "admiration": 8,
        "grief": 9,
        "optimism": 10,
        "disapproval": 11,
        "realization": 12,
        "desire": 13,
        "curiosity": 14,
        "confusion": 15,
        "anger": 16,
        "embarrassment": 17,
        "joy": 18,
        "amusement": 19,
        "disgust": 20,
        "annoyance": 21,
        "nervousness": 23,
        "relief": 24,
        "fear": 25,
        "excitement": 26,
        "surprise": 27,
        "pride": 28
    },
    "target_sample": {
        "text": "> eaten out by their coach",
        "emotion": [
            0.9709340333938599,
            0.0004713455564342439,
            0.0029454005416482687,
            0.0011079045943915844,
            0.0011768932454288006,
            0.0044868444092571735,
            0.010997948236763477,
            0.0010362525936216116,
            0.003365607699379325,
            0.0005336785688996315,
            0.0021323387045413256,
            0.004681287333369255,
            0.005889332387596369,
            0.0011958389077335596,
            0.0012859103735536337,
            0.002094583585858345,
            0.0038275441620498896,
            0.0008711834088899195,
            0.0016048683319240808,
            0.001958853332325816,
            0.0030574651900678873,
            0.010333632118999958,
            0.00040089248795993626,
            0.0003692126483656466,
            0.001800572732463479,
            0.0017629241337999701,
            0.0010347535135224462,
            0.00038031445001251996
        ]
    },
    "segments_1": [
        [
            1807,
            981,
            1135,
            2285,
            493,
            474,
            203,
            1554,
            1357,
            4523,
            2156,
            3587,
            204,
            4295,
            2827,
            3641,
            4842,
            2083,
            1001,
            1549,
            3736,
            2996,
            5210,
            2447,
            1164,
            4124,
            4503,
            111,
            4592,
            2575,
            3886,
            2075,
            1289
        ],
        [
            355,
            2889,
            2268,
            4072,
            4847,
            3245,
            4513,
            366,
            614,
            4560,
            2585,
            2656,
            591,
            4937,
            5137,
            3844,
            3230,
            4782,
            2533,
            2976,
            2389,
            4575,
            4382,
            2652,
            4286,
            665,
            3379,
            4625,
            796,
            3573,
            3451,
            1370,
            1367
        ],
        [
            553,
            262,
            215,
            1113,
            969,
            2008,
            2199,
            3550,
            2568,
            2262,
            4339,
            3098,
            3903,
            1120,
            667,
            2371,
            5424,
            498,
            2323,
            2208,
            3260,
            3208,
            3557,
            2678,
            5230,
            3238,
            4659,
            5316,
            529,
            2245,
            4067,
            655,
            4026
        ]
    ],
    "blocklist": [
        4560,
        474,
        2447,
        4382,
        4950,
        4782,
        1135,
        203,
        3379,
        2575,
        2652,
        3886,
        1367,
        4523,
        355,
        4842,
        1554,
        4625,
        1164,
        3736,
        4295,
        5210,
        553,
        262,
        215,
        1113,
        969,
        2008,
        2199,
        3550,
        2568,
        2262,
        4339,
        3098,
        3903,
        1120,
        667,
        2371,
        5424,
        498,
        2323,
        2208,
        3260,
        3208,
        3557,
        2678,
        5230,
        3238,
        4659,
        5316,
        529,
        2245,
        4067,
        655,
        4026
    ],
    "best_model_1": 3,
    "segments_2": [
        [
            4124,
            3641,
            2889,
            2268,
            3844,
            3451,
            4592,
            665,
            1807,
            111,
            366,
            1001,
            4286,
            3230,
            5137,
            1357,
            2656,
            204,
            4937,
            2585,
            2156,
            1289
        ],
        [
            4560,
            474,
            2447,
            4382,
            4950,
            4782,
            1135,
            203,
            3379,
            2575,
            2652,
            3886,
            1367,
            4523,
            355,
            4842,
            1554,
            4625,
            1164,
            3736,
            4295,
            5210
        ],
        [
            4575,
            614,
            4503,
            2285,
            1549,
            1370,
            2533,
            2075,
            3587,
            4513,
            3573,
            4847,
            2083,
            981,
            2389,
            2827,
            493,
            2996,
            4072,
            3245,
            591,
            796
        ]
    ],
    "best_model_2": 2,
    "segments_3": [
        [
            493,
            2389,
            3230,
            2075,
            2083,
            3451,
            4575,
            3573,
            1357,
            2585,
            4847,
            5137,
            2268,
            2889,
            111
        ],
        [
            3641,
            204,
            1370,
            2656,
            366,
            4286,
            4592,
            4937,
            1549,
            1807,
            2827,
            3245,
            981,
            1289,
            2976
        ],
        [
            665,
            2533,
            2285,
            4124,
            2156,
            4072,
            3844,
            4503,
            796,
            2996,
            1001,
            614,
            3587,
            4513,
            591
        ]
    ],
    "best_model_3": 2
}