k_fraction,love_score_average
0,0.8199221389368176
33,0.7419180764234625
66,0.8482507279841229
100,0.6784936033422128
output-pe,0.6252587035764009
