k_fraction,average_distance
0,0.46198835579245345
33,0.2834550361353806
66,0.2023298914338742
100,0.40693535718973506
output-pe,0.6681211717909157
