k_fraction,average_distance
0,0.7869992537366778
25,0.7676528783241701
50,0.4449229349749138
75,0.4813672737135346
output-pe,0.659610323068208
