k_fraction,score_average
0,0.4917257367342245
25,0.4454687852819916
50,0.696387660453911
75,0.7015018155245343
output-pe,0.7172853711992502
