k_fraction,love_score_average
0,0.8442209929227829
33,0.8403744900540915
66,0.8798889459576458
100,0.7870504604885354
output-pe,0.725860192469554
