k_fraction,average_distance
0,0.47332240931125646
33,0.28607575230789095
66,0.1623268470657185
100,0.24227096320108604
output-pe,0.4625732053334577
