k_fraction,score_average
0,0.5181866144528613
25,0.6438309737219242
50,0.8322717955394182
75,0.8174110912426841
output-pe,0.83790064137429
