k_fraction,average_distance
0,0.79043589708019
25,0.5296575254288693
50,0.2881115266345355
75,0.3050720825583805
output-pe,0.5338337984061124
