{
    "emotion_target": "caring",
    "label_order": {
        "caring": 0,
        "remorse": 1,
        "sadness": 2,
        "love": 3,
        "disappointment": 5,
        "approval": 6,
        "gratitude": 7,
        "admiration": 8,
        "grief": 9,
        "optimism": 10,
        "disapproval": 11,
        "realization": 12,
        "desire": 13,
        "curiosity": 14,
        "confusion": 15,
        "anger": 16,
        "embarrassment": 17,
        "joy": 18,
        "amusement": 19,
        "disgust": 20,
        "annoyance": 21,
        "neutral": 22,
        "nervousness": 23,
        "relief": 24,
        "fear": 25,
        "excitement": 26,
        "surprise": 27,
        "pride": 28
    },
    "target_sample": {
        "text": "I'm concerned for my fellow redditor. You seem to not be feeling well, and hallucinating. Shall we have a mod come check on you? ",
        "emotion": [
            0.9147629737854004,
            0.01652510091662407,
            0.08951810747385025,
            0.016443565487861633,
            0.006625832989811897,
            0.03352489694952965,
            0.008346451446413994,
            0.01790923997759819,
            0.010038428008556366,
            0.03177443891763687,
            0.0167236290872097,
            0.006764354184269905,
            0.012930615805089474,
            0.10061655193567276,
            0.01987282931804657,
            0.0050909086130559444,
            0.001597054535523057,
            0.010257108137011528,
            0.003525263862684369,
            0.0017766240052878857,
            0.011506310664117336,
            0.04699743166565895,
            0.04048654064536095,
            0.011699911206960678,
            0.012189584784209728,
            0.004844485316425562,
            0.0016625868156552315,
            0.0014154048403725028
        ]
    },
    "segments_1": [
        [
            3919,
            5171,
            3204,
            2364,
            2662,
            1552,
            1779,
            4360,
            4526,
            4425,
            2739,
            4995,
            1269,
            3086,
            783,
            3225,
            3720,
            3183,
            2813,
            971,
            2242,
            1972,
            118,
            1541,
            2217,
            821,
            3177,
            1490,
            1452,
            3270,
            846,
            4399,
            4825
        ],
        [
            159,
            4642,
            4509,
            4478,
            2484,
            1112,
            2625,
            3673,
            5392,
            2685,
            5222,
            2941,
            316,
            816,
            1295,
            2753,
            880,
            2052,
            4311,
            1528,
            4153,
            303,
            3236,
            370,
            74,
            787,
            611,
            511,
            5119,
            1926,
            3906,
            5030,
            2624
        ],
        [
            1620,
            3965,
            2637,
            2595,
            2488,
            2978,
            3841,
            2923,
            4698,
            2797,
            663,
            5094,
            2174,
            3833,
            1335,
            2764,
            2092,
            2893,
            2369,
            3985,
            195,
            4823,
            5127,
            1786,
            4461,
            4743,
            5175,
            4618,
            146,
            4952,
            1791,
            1250,
            3682
        ]
    ],
    "blocklist": [
        2595,
        3086,
        1250,
        3682,
        4825,
        4360,
        5094,
        195,
        1791,
        4399,
        3985,
        846,
        2242,
        3204,
        3965,
        2813,
        1552,
        2893,
        5175,
        3919,
        3225,
        1541,
        159,
        4642,
        4509,
        4478,
        2484,
        1112,
        2625,
        3673,
        5392,
        2685,
        5222,
        2941,
        316,
        816,
        1295,
        2753,
        880,
        2052,
        4311,
        1528,
        4153,
        303,
        3236,
        370,
        74,
        787,
        611,
        511,
        5119,
        1926,
        3906,
        5030,
        2624
    ],
    "best_model_1": 2,
    "segments_2": [
        [
            2595,
            3086,
            1250,
            3682,
            4825,
            4360,
            5094,
            195,
            1791,
            4399,
            3985,
            846,
            2242,
            3204,
            3965,
            2813,
            1552,
            2893,
            5175,
            3919,
            3225,
            1541
        ],
        [
            1452,
            4526,
            118,
            1269,
            1335,
            971,
            2364,
            783,
            1620,
            2797,
            2174,
            1490,
            663,
            146,
            2923,
            1972,
            4425,
            4952,
            2488,
            1779,
            1786,
            2369
        ],
        [
            2978,
            5127,
            2739,
            2662,
            3270,
            2764,
            2637,
            4743,
            3720,
            4618,
            3413,
            2092,
            2217,
            5171,
            4461,
            821,
            3841,
            3177,
            3833,
            4698,
            4995,
            3183
        ]
    ],
    "best_model_2": 1,
    "segments_3": [
        [
            3177,
            4618,
            4461,
            118,
            663,
            5171,
            2662,
            3183,
            4698,
            2092,
            2174,
            1786,
            1452,
            2978,
            2369
        ],
        [
            3720,
            1269,
            783,
            5127,
            2739,
            1335,
            3841,
            1490,
            4526,
            2637,
            971,
            4823,
            4743,
            3413,
            2797
        ],
        [
            4995,
            2764,
            2488,
            2923,
            1972,
            821,
            4425,
            3270,
            1620,
            1779,
            2217,
            4952,
            2364,
            3833,
            146
        ]
    ],
    "best_model_3": 1
}