{
    "emotion_target": "gratitude",
    "label_order": {
        "gratitude": 0,
        "remorse": 1,
        "sadness": 2,
        "love": 3,
        "caring": 4,
        "disappointment": 5,
        "approval": 6,
        "admiration": 8,
        "grief": 9,
        "optimism": 10,
        "disapproval": 11,
        "realization": 12,
        "desire": 13,
        "curiosity": 14,
        "confusion": 15,
        "anger": 16,
        "embarrassment": 17,
        "joy": 18,
        "amusement": 19,
        "disgust": 20,
        "annoyance": 21,
        "neutral": 22,
        "nervousness": 23,
        "relief": 24,
        "fear": 25,
        "excitement": 26,
        "surprise": 27,
        "pride": 28
    },
    "target_sample": {
        "text": "Thank you for the great recommendation. I'll get on that as soon as I can, and keep you updated.",
        "emotion": [
            0.9928287863731384,
            0.0023213629610836506,
            0.0022198448423296213,
            0.0034893183037638664,
            0.011435150168836117,
            0.0014133143704384565,
            0.03396599367260933,
            0.08883370459079742,
            0.0007459286716766655,
            0.032176423817873,
            0.0037298044189810753,
            0.005267064552754164,
            0.007388291414827108,
            0.00755291897803545,
            0.0034649986773729324,
            0.0015137972077354789,
            0.0004962192033417523,
            0.005521762650460005,
            0.003305861260741949,
            0.0011926083825528622,
            0.004123255610466003,
            0.005614081397652626,
            0.0003850669600069523,
            0.0031481722835451365,
            0.0007434828439727426,
            0.005646115634590387,
            0.001555435941554606,
            0.001388390432111919
        ]
    },
    "segments_1": [
        [
            612,
            5067,
            3104,
            1102,
            2754,
            6,
            2006,
            1558,
            3631,
            4639,
            858,
            3749,
            3094,
            1340,
            3362,
            59,
            294,
            3912,
            4837,
            82,
            1010,
            4218,
            939,
            996,
            5203,
            668,
            340,
            3742,
            1600,
            1489,
            1898,
            1277,
            501
        ],
        [
            1934,
            5077,
            3659,
            2275,
            268,
            453,
            5099,
            1774,
            4932,
            1041,
            4195,
            5278,
            3108,
            3847,
            3226,
            1627,
            4986,
            1580,
            2461,
            2556,
            1219,
            4226,
            477,
            3042,
            809,
            3615,
            2979,
            4532,
            4994,
            3229,
            865,
            4804,
            694
        ],
        [
            909,
            4367,
            3120,
            1904,
            5014,
            3488,
            5148,
            2876,
            218,
            688,
            2540,
            19,
            1961,
            4527,
            3601,
            3920,
            174,
            1619,
            1477,
            561,
            4481,
            4428,
            802,
            3163,
            3096,
            2705,
            2604,
            3058,
            4646,
            1160,
            3706,
            1644,
            5417
        ]
    ],
    "blocklist": [
        4481,
        3362,
        3631,
        1102,
        688,
        4428,
        3163,
        64,
        1477,
        4837,
        3920,
        2705,
        1619,
        218,
        6,
        2540,
        5417,
        4646,
        4218,
        59,
        5203,
        3488,
        1934,
        5077,
        3659,
        2275,
        268,
        453,
        5099,
        1774,
        4932,
        1041,
        4195,
        5278,
        3108,
        3847,
        3226,
        1627,
        4986,
        1580,
        2461,
        2556,
        1219,
        4226,
        477,
        3042,
        809,
        3615,
        2979,
        4532,
        4994,
        3229,
        865,
        4804,
        694
    ],
    "best_model_1": 2,
    "segments_2": [
        [
            1010,
            5148,
            1489,
            2754,
            4367,
            4639,
            3104,
            612,
            1904,
            3120,
            1277,
            1644,
            82,
            1898,
            1600,
            501,
            3058,
            2876,
            1961,
            561,
            3096,
            939
        ],
        [
            4481,
            3362,
            3631,
            1102,
            688,
            4428,
            3163,
            64,
            1477,
            4837,
            3920,
            2705,
            1619,
            218,
            6,
            2540,
            5417,
            4646,
            4218,
            59,
            5203,
            3488
        ],
        [
            2006,
            802,
            294,
            2604,
            996,
            3912,
            858,
            909,
            4527,
            174,
            3749,
            340,
            3742,
            1160,
            3094,
            668,
            5067,
            3706,
            19,
            3601,
            5014,
            1558
        ]
    ],
    "best_model_2": 2,
    "segments_3": [
        [
            1558,
            1010,
            1898,
            802,
            5148,
            3094,
            1904,
            1961,
            3742,
            2754,
            294,
            561,
            1277,
            3104,
            2876
        ],
        [
            3058,
            1600,
            909,
            4639,
            858,
            3706,
            3749,
            501,
            5014,
            3120,
            1340,
            2604,
            2006,
            4367,
            19
        ],
        [
            4527,
            3912,
            174,
            612,
            3601,
            340,
            1160,
            5067,
            82,
            996,
            668,
            939,
            1644,
            1489,
            3096
        ]
    ],
    "best_model_3": 1
}