{
    "emotion_target": "anger",
    "label_order": {
        "anger": 0,
        "remorse": 1,
        "sadness": 2,
        "love": 3,
        "caring": 4,
        "disappointment": 5,
        "approval": 6,
        "gratitude": 7,
        "admiration": 8,
        "grief": 9,
        "optimism": 10,
        "disapproval": 11,
        "realization": 12,
        "desire": 13,
        "curiosity": 14,
        "confusion": 15,
        "embarrassment": 17,
        "joy": 18,
        "amusement": 19,
        "disgust": 20,
        "annoyance": 21,
        "neutral": 22,
        "nervousness": 23,
        "relief": 24,
        "fear": 25,
        "excitement": 26,
        "surprise": 27,
        "pride": 28
    },
    "target_sample": {
        "text": "I hate people",
        "emotion": [
            0.8340409398078918,
            0.0021492182277143,
            0.014051645062863827,
            0.00526970811188221,
            0.004742820281535387,
            0.010266930796205997,
            0.006169409491121769,
            0.003906144294887781,
            0.0054185036569833755,
            0.0014174848329275846,
            0.003517433302477002,
            0.06603075563907623,
            0.00397516880184412,
            0.0018896915717050433,
            0.008050746284425259,
            0.008221115916967392,
            0.0028211663011461496,
            0.0027221967466175556,
            0.0025705050211399794,
            0.02495206706225872,
            0.1370897740125656,
            0.04017343372106552,
            0.0007355434354394674,
            0.0003685393603518605,
            0.0039717829786241055,
            0.001968150259926915,
            0.0026582274585962296,
            0.0005841513630002737
        ]
    },
    "segments_1": [
        [
            5024,
            3883,
            505,
            2617,
            3760,
            3634,
            710,
            494,
            3608,
            4733,
            2521,
            287,
            5056,
            4380,
            4256,
            369,
            1454,
            4697,
            3572,
            3205,
            4063,
            2350,
            3232,
            631,
            383,
            669,
            3442,
            3498,
            2153,
            3531,
            5381,
            4745,
            5192
        ],
        [
            2896,
            5168,
            4884,
            3761,
            391,
            168,
            1117,
            5064,
            2106,
            1864,
            3544,
            2547,
            1766,
            2044,
            4342,
            3640,
            2965,
            4230,
            2108,
            5095,
            4759,
            3735,
            3046,
            3063,
            3980,
            3725,
            4613,
            3441,
            4543,
            1879,
            4121,
            1366,
            1978
        ],
        [
            3291,
            2921,
            527,
            1431,
            801,
            1743,
            554,
            2278,
            3938,
            5325,
            5031,
            346,
            1390,
            4809,
            469,
            504,
            3457,
            5255,
            3008,
            4729,
            2494,
            138,
            944,
            3199,
            1501,
            3614,
            4019,
            1989,
            3440,
            2319,
            3210,
            1500,
            1447
        ]
    ],
    "blocklist": [
        5168,
        4342,
        3938,
        3199,
        3640,
        346,
        4121,
        3291,
        1864,
        4019,
        527,
        4759,
        1978,
        2494,
        5255,
        2538,
        2106,
        2547,
        4884,
        3008,
        3614,
        1366,
        5024,
        3883,
        505,
        2617,
        3760,
        3634,
        710,
        494,
        3608,
        4733,
        2521,
        287,
        5056,
        4380,
        4256,
        369,
        1454,
        4697,
        3572,
        3205,
        4063,
        2350,
        3232,
        631,
        383,
        669,
        3442,
        3498,
        2153,
        3531,
        5381,
        4745,
        5192
    ],
    "best_model_1": 1,
    "segments_2": [
        [
            504,
            1117,
            2044,
            168,
            2319,
            3544,
            2108,
            2896,
            138,
            3441,
            801,
            1390,
            3735,
            1879,
            4230,
            2278,
            3725,
            3210,
            3457,
            3440,
            5064,
            4729
        ],
        [
            1501,
            3761,
            2921,
            5325,
            3980,
            4809,
            391,
            3063,
            469,
            5095,
            1743,
            3046,
            1431,
            5031,
            944,
            4543,
            2965,
            4613,
            1766,
            554,
            1989,
            1447
        ],
        [
            5168,
            4342,
            3938,
            3199,
            3640,
            346,
            4121,
            3291,
            1864,
            4019,
            527,
            4759,
            1978,
            2494,
            5255,
            2538,
            2106,
            2547,
            4884,
            3008,
            3614,
            1366
        ]
    ],
    "best_model_2": 3,
    "segments_3": [
        [
            1501,
            3457,
            3440,
            4729,
            168,
            138,
            2896,
            3210,
            4230,
            1743,
            3063,
            3544,
            5064,
            1390,
            1447
        ],
        [
            2319,
            3980,
            1117,
            801,
            3441,
            1989,
            1879,
            5325,
            3761,
            2965,
            2921,
            1500,
            944,
            3046,
            504
        ],
        [
            1431,
            4809,
            1766,
            391,
            2108,
            4543,
            3725,
            3735,
            4613,
            5095,
            554,
            2044,
            469,
            5031,
            2278
        ]
    ],
    "best_model_3": 2
}