k_fraction,average_distance
0,1.2298271284195366
25,1.069780003790796
50,0.7359603440443798
75,0.7739490659202101
output-pe,0.8855064615205123
