k_fraction,score_average
0,0.006038325215922668
25,0.007214067125460133
50,0.30625808429904283
75,0.30822171522304415
output-pe,0.17583974066656083
