{
    "emotion_target": "sadness",
    "label_order": {
        "sadness": 0,
        "remorse": 1,
        "love": 3,
        "caring": 4,
        "disappointment": 5,
        "approval": 6,
        "gratitude": 7,
        "admiration": 8,
        "grief": 9,
        "optimism": 10,
        "disapproval": 11,
        "realization": 12,
        "desire": 13,
        "curiosity": 14,
        "confusion": 15,
        "anger": 16,
        "embarrassment": 17,
        "joy": 18,
        "amusement": 19,
        "disgust": 20,
        "annoyance": 21,
        "neutral": 22,
        "nervousness": 23,
        "relief": 24,
        "fear": 25,
        "excitement": 26,
        "surprise": 27,
        "pride": 28
    },
    "target_sample": {
        "text": "Sad thing is it would probably forcibly ground the plane.",
        "emotion": [
            0.9167729020118713,
            0.010178925469517708,
            0.006594833452254534,
            0.011207220144569874,
            0.05827556550502777,
            0.009607428684830666,
            0.003657030640169978,
            0.009472296573221684,
            0.043873682618141174,
            0.0037076296284794807,
            0.008106878958642483,
            0.015062154270708561,
            0.005460901651531458,
            0.004529246129095554,
            0.002721562283113599,
            0.007765781134366989,
            0.0017271931283175945,
            0.005640953313559294,
            0.0057084946893155575,
            0.005816321820020676,
            0.011386143043637276,
            0.03967171162366867,
            0.004201260395348072,
            0.0021190252155065536,
            0.005051622167229652,
            0.0018916334956884384,
            0.0036096363328397274,
            0.0005567297921516001
        ]
    },
    "segments_1": [
        [
            279,
            180,
            5062,
            4070,
            4156,
            5342,
            1681,
            4491,
            3414,
            938,
            233,
            66,
            4585,
            4394,
            5339,
            4013,
            5183,
            4675,
            855,
            5414,
            2947,
            3023,
            2225,
            3645,
            3412,
            4443,
            1368,
            2385,
            760,
            2583,
            3564,
            3367,
            5073
        ],
        [
            4088,
            9,
            5320,
            4253,
            1587,
            2141,
            1418,
            2207,
            3356,
            4890,
            4848,
            5280,
            1233,
            868,
            1326,
            4754,
            1087,
            3858,
            5301,
            3669,
            5254,
            5082,
            1749,
            255,
            3250,
            4290,
            2601,
            1437,
            536,
            4574,
            1099,
            1813,
            5160
        ],
        [
            3637,
            2842,
            3124,
            2100,
            4183,
            3494,
            532,
            3263,
            2060,
            563,
            387,
            2359,
            1514,
            1609,
            602,
            972,
            5336,
            3590,
            4152,
            5216,
            4262,
            1697,
            3695,
            1499,
            2927,
            5053,
            3999,
            3869,
            3979,
            4520,
            4719,
            5159,
            1731
        ]
    ],
    "blocklist": [
        4070,
        3414,
        4290,
        3645,
        4253,
        5183,
        3367,
        1437,
        279,
        2385,
        255,
        3564,
        4675,
        5254,
        66,
        4156,
        4574,
        4393,
        5062,
        3858,
        3669,
        1099,
        3637,
        2842,
        3124,
        2100,
        4183,
        3494,
        532,
        3263,
        2060,
        563,
        387,
        2359,
        1514,
        1609,
        602,
        972,
        5336,
        3590,
        4152,
        5216,
        4262,
        1697,
        3695,
        1499,
        2927,
        5053,
        3999,
        3869,
        3979,
        4520,
        4719,
        5159,
        1731
    ],
    "best_model_1": 3,
    "segments_2": [
        [
            4754,
            2141,
            536,
            5414,
            2583,
            5301,
            1368,
            5160,
            180,
            1813,
            868,
            2601,
            4443,
            2947,
            233,
            9,
            1418,
            5342,
            5320,
            2207,
            760,
            4394
        ],
        [
            4070,
            3414,
            4290,
            3645,
            4253,
            5183,
            3367,
            1437,
            279,
            2385,
            255,
            3564,
            4675,
            5254,
            66,
            4156,
            4574,
            4393,
            5062,
            3858,
            3669,
            1099
        ],
        [
            3023,
            3250,
            938,
            4088,
            1087,
            855,
            4890,
            1587,
            4848,
            1681,
            1233,
            5082,
            4013,
            4585,
            1326,
            2225,
            4491,
            3356,
            5280,
            5073,
            5339,
            3412
        ]
    ],
    "best_model_2": 2,
    "segments_3": [
        [
            4585,
            2225,
            4394,
            2207,
            1749,
            5414,
            1087,
            1587,
            4443,
            5320,
            855,
            4848,
            2601,
            1681,
            233
        ],
        [
            5301,
            1813,
            5280,
            3250,
            180,
            536,
            5339,
            2947,
            5073,
            2141,
            5342,
            938,
            2583,
            4088,
            4491
        ],
        [
            4013,
            1233,
            3412,
            1418,
            4890,
            9,
            3356,
            868,
            5160,
            5082,
            760,
            4754,
            1326,
            1368,
            3023
        ]
    ],
    "best_model_3": 1
}