k_fraction,average_distance
0,1.200283733387998
25,1.0581729322953668
50,1.024684352032164
75,0.9229224068055745
output-pe,1.0617567710171663
