k_fraction,score_average
0,0.01042414748808369
25,0.030469364183954895
50,0.053707320414832796
75,0.15734725312213413
output-pe,0.09085685879690572
