{
    "emotion_target": "realization",
    "label_order": {
        "realization": 0,
        "remorse": 1,
        "sadness": 2,
        "love": 3,
        "caring": 4,
        "disappointment": 5,
        "approval": 6,
        "gratitude": 7,
        "admiration": 8,
        "grief": 9,
        "optimism": 10,
        "disapproval": 11,
        "desire": 13,
        "curiosity": 14,
        "confusion": 15,
        "anger": 16,
        "embarrassment": 17,
        "joy": 18,
        "amusement": 19,
        "disgust": 20,
        "annoyance": 21,
        "neutral": 22,
        "nervousness": 23,
        "relief": 24,
        "fear": 25,
        "excitement": 26,
        "surprise": 27,
        "pride": 28
    },
    "target_sample": {
        "text": "I realised after I typed it, but I left it up. I feel sometimes in life, you just gotta take the L. ",
        "emotion": [
            0.8725230097770691,
            0.021397162228822708,
            0.013066153042018414,
            0.007603177800774574,
            0.0037970286794006824,
            0.011590707115828991,
            0.10444676131010056,
            0.016208656132221222,
            0.01170788612216711,
            0.003053329885005951,
            0.022946100682020187,
            0.005191140808165073,
            0.005053993314504623,
            0.003393227467313409,
            0.030700717121362686,
            0.002814175095409155,
            0.017683111131191254,
            0.0151046859100461,
            0.0356546975672245,
            0.003757930127903819,
            0.008800503797829151,
            0.08904667943716049,
            0.005390528589487076,
            0.0109946234151721,
            0.003587991464883089,
            0.003877360839396715,
            0.011497007682919502,
            0.004449761472642422
        ]
    },
    "segments_1": [
        [
            2888,
            4964,
            1318,
            3935,
            3939,
            3849,
            3748,
            3654,
            5288,
            966,
            36,
            5028,
            2566,
            4620,
            1616,
            5372,
            962,
            3477,
            3765,
            5379,
            1756,
            1652,
            4780,
            3817,
            4188,
            1284,
            1581,
            2339,
            840,
            2139,
            2023,
            4012,
            4408
        ],
        [
            76,
            184,
            1831,
            2110,
            2849,
            4187,
            3439,
            4893,
            5397,
            2340,
            2725,
            1646,
            5197,
            3643,
            2838,
            4945,
            2763,
            3244,
            3473,
            2788,
            5380,
            3017,
            1132,
            3141,
            2314,
            3978,
            4288,
            5315,
            4411,
            3530,
            5136,
            3697,
            2485
        ],
        [
            2897,
            2640,
            2943,
            5305,
            848,
            2607,
            1629,
            518,
            3322,
            735,
            1194,
            4563,
            5232,
            3796,
            60,
            3153,
            3908,
            1982,
            1051,
            4921,
            1263,
            2434,
            3087,
            2120,
            2179,
            4687,
            2257,
            4960,
            1243,
            1228,
            2916,
            2112,
            3233
        ]
    ],
    "blocklist": [
        5372,
        4780,
        5028,
        2943,
        1629,
        3817,
        2888,
        2112,
        36,
        3939,
        848,
        3748,
        1581,
        4960,
        962,
        2566,
        3765,
        3153,
        3935,
        3796,
        840,
        1051,
        76,
        184,
        1831,
        2110,
        2849,
        4187,
        3439,
        4893,
        5397,
        2340,
        2725,
        1646,
        5197,
        3643,
        2838,
        4945,
        2763,
        3244,
        3473,
        2788,
        5380,
        3017,
        1132,
        3141,
        2314,
        3978,
        4288,
        5315,
        4411,
        3530,
        5136,
        3697,
        2485
    ],
    "best_model_1": 2,
    "segments_2": [
        [
            4188,
            1982,
            4687,
            2339,
            2139,
            1756,
            5379,
            4408,
            3322,
            5288,
            1263,
            60,
            3849,
            1194,
            3654,
            4012,
            1318,
            1652,
            3477,
            518,
            2607,
            4620
        ],
        [
            5372,
            4780,
            5028,
            2943,
            1629,
            3817,
            2888,
            2112,
            36,
            3939,
            848,
            3748,
            1581,
            4960,
            962,
            2566,
            3765,
            3153,
            3935,
            3796,
            840,
            1051
        ],
        [
            4921,
            2897,
            5305,
            2434,
            1243,
            3233,
            2023,
            5232,
            4964,
            3087,
            3908,
            966,
            2916,
            1616,
            4563,
            2640,
            1228,
            2120,
            2257,
            1284,
            4713,
            735
        ]
    ],
    "best_model_2": 2,
    "segments_3": [
        [
            4687,
            1263,
            3087,
            2339,
            1652,
            2139,
            4713,
            1243,
            4188,
            1194,
            5379,
            1616,
            2120,
            1318,
            735
        ],
        [
            4921,
            2257,
            3233,
            5288,
            3477,
            3908,
            4964,
            518,
            5305,
            4012,
            1982,
            2897,
            5232,
            3849,
            2607
        ],
        [
            2023,
            4408,
            3322,
            60,
            2179,
            4620,
            2434,
            3654,
            4563,
            966,
            1284,
            2640,
            2916,
            1756,
            1228
        ]
    ],
    "best_model_3": 2
}