k_fraction,average_distance
0,0.9775417350300357
25,0.46390822587312214
50,0.49245591460856153
75,0.35994191270510056
output-pe,0.38791931244499933
