k_fraction,love_score_average
0,0.3750056781223975
25,0.7457654331548838
50,0.6637138695528847
75,0.7987118117744103
output-pe,0.8822026322595775
