Grouping Function,Evaluation Function,Starting Distance,Convergence Speed (rounds),Convergence Accuracy (final distance),Pearson Correlation,Inverted Pearson
epsilon_greedy,dot_product,9.548420802417645,10.757575757575758,4.995426758888786,0.4306682356254249,2.405614703934961
epsilon_greedy,l1_norm,9.71247490259958,11.777777777777779,4.266761395371624,0.37142691212779383,3.013618459197491
epsilon_greedy,l2_norm,9.495246714434597,19.605263157894736,4.000016932211645,0.3821701869503068,3.0464815204262856
interleaved,dot_product,9.562857972940627,10.344827586206897,5.11848823921124,0.5729709424783335,1.7779803226238682
interleaved,l1_norm,9.753135684993309,12.5,5.053875169287229,0.5290677731734253,1.994507302512199
interleaved,l2_norm,9.55743333664666,14.0,4.6375897835857165,0.5603195933796594,1.8541854667685465
random,dot_product,9.474764278767768,11.294117647058824,4.587129503571756,0.5762257149960078,1.7648695060263493
random,l1_norm,10.090893039053787,17.90909090909091,4.549218319071801,0.5063964893215414,2.12532226150437
random,l2_norm,9.541166691094306,12.233333333333333,4.478936570303198,0.5712554312092528,1.8067702816680795
