Grouping Function,Evaluation Function,Starting Distance,Convergence Speed (rounds),Convergence Accuracy (final distance),Pearson Correlation,Inverted Pearson
epsilon_greedy,dot_product,9.530092333825637,14.272727272727273,5.02742821560673,0.4667619813810595,2.224552119858102
epsilon_greedy,l1_norm,9.366324805043073,16.871794871794872,4.035135131814821,0.4151368484438596,2.6291606002544348
epsilon_greedy,l2_norm,9.290029834664347,20.11627906976744,3.567134476629002,0.47021474820279024,2.2665273005275703
interleaved,dot_product,9.651010682886827,15.130434782608695,5.94192584777004,0.4681926949837914,2.3569678840275823
interleaved,l1_norm,9.735199815674473,18.7,4.630511473220045,0.5219303916239203,1.988752261374438
interleaved,l2_norm,9.121053416135739,13.514285714285714,4.181382324590993,0.6070946274769142,1.702140389972495
random,dot_product,9.318866224319846,15.314285714285715,4.94992188336334,0.5151871171267932,2.008207888885965
random,l1_norm,9.943101607109064,28.2972972972973,4.045417712459136,0.5369733870505418,1.9914786600482193
random,l2_norm,9.580722817969253,26.871794871794872,3.8986327872359277,0.596453200274779,1.7271793785761853
