Grouping Function,Evaluation Function,Starting Distance,Convergence Speed (rounds),Convergence Accuracy (final distance),Pearson Correlation
epsilon_greedy,dot_product,9.82853089314243,10.866666666666667,5.217629100663362,0.556684747263711
epsilon_greedy,l1_norm,9.250788119954393,16.05128205128205,4.221406285095548,0.5773710914355759
epsilon_greedy,l2_norm,9.4159560315339,15.0,4.0738186492919235,0.5841270878856125
interleaved,dot_product,9.845057017085782,11.48,5.756509974278479,0.7394092874140104
interleaved,l1_norm,9.351865718633993,13.818181818181818,4.725404212329238,0.7469294893997875
interleaved,l2_norm,9.709613460052422,16.14814814814815,4.80842685837787,0.826252599556335
random,dot_product,9.285365928496887,9.4375,5.512910032922182,0.7302687609835321
random,l1_norm,9.716119666004722,19.03125,4.693235919527412,0.7603889795651881
random,l2_norm,9.528150918910145,12.27027027027027,4.17139654456761,0.7976952204656588
