k_fraction,score_average
0,0.020591446064645424
25,0.21905112987442407
50,0.32826456359762235
75,0.24764927019714378
output-pe,0.14932620181934908
