k_fraction,average_distance
0,1.150554285480642
25,0.8677279899468109
50,0.7305452041108613
75,0.8401791479342039
output-pe,0.974227394235322
