Grouping Function,Evaluation Function,Starting Distance,Convergence Speed (rounds),Convergence Accuracy (final distance),Pearson Correlation
epsilon_greedy,dot_product,9.435209247620145,11.606060606060606,5.117327747596239,0.39441875870398624
epsilon_greedy,l1_norm,9.658700858013741,19.9,3.9162558065101654,0.355737438267242
epsilon_greedy,l2_norm,9.584978051861675,15.090909090909092,3.2726081017170077,0.38232437307119993
interleaved,dot_product,9.848590134941716,14.34375,4.858652704651707,0.399038604533388
interleaved,l1_norm,9.619974809154405,19.542857142857144,4.321438585330127,0.42609969435202016
interleaved,l2_norm,9.754592433571899,24.794117647058822,4.591593849721068,0.5223494028568664
random,dot_product,9.81175808354509,12.444444444444445,5.310561012470263,0.4272948020618067
random,l1_norm,9.778121651327476,29.444444444444443,4.300974265376907,0.46270450774394306
random,l2_norm,9.640381443251663,25.658536585365855,3.821175791246272,0.5280846117542164
