k_fraction,score_average
0,0.023283320857444778
25,0.09977729041711428
50,0.05131059098639525
75,0.19956508743634913
output-pe,0.19623013111413456
