k_fraction,average_distance
0,1.2203407433021052
25,0.9435103791340417
50,1.0069669015563472
75,0.8884058670131445
output-pe,0.917064983975995
