{
    "emotion_target": "annoyance",
    "label_order": {
        "annoyance": 0,
        "remorse": 1,
        "sadness": 2,
        "love": 3,
        "caring": 4,
        "disappointment": 5,
        "approval": 6,
        "gratitude": 7,
        "admiration": 8,
        "grief": 9,
        "optimism": 10,
        "disapproval": 11,
        "realization": 12,
        "desire": 13,
        "curiosity": 14,
        "confusion": 15,
        "anger": 16,
        "embarrassment": 17,
        "joy": 18,
        "amusement": 19,
        "disgust": 20,
        "neutral": 22,
        "nervousness": 23,
        "relief": 24,
        "fear": 25,
        "excitement": 26,
        "surprise": 27,
        "pride": 28
    },
    "target_sample": {
        "text": "That\u2019s only really annoying if it\u2019s excessively slow",
        "emotion": [
            0.7989826202392578,
            0.0010533013846725225,
            0.003022088436409831,
            0.00039813393959775567,
            0.004921807441860437,
            0.058978717774152756,
            0.030062299221754074,
            0.0026128003373742104,
            0.0037769218906760216,
            0.0006134771974757314,
            0.004288539756089449,
            0.05542372539639473,
            0.019955573603510857,
            0.003629193641245365,
            0.003868312109261751,
            0.005632985848933458,
            0.06879913061857224,
            0.015613813884556293,
            0.0072052935138344765,
            0.00786520168185234,
            0.03742874786257744,
            0.08918550610542297,
            0.0027460232377052307,
            0.0025561871007084846,
            0.0009831214556470513,
            0.0030450194608420134,
            0.0016920834314078093,
            0.0017783485818654299
        ]
    },
    "segments_1": [
        [
            4369,
            1506,
            773,
            3047,
            634,
            5324,
            4740,
            2465,
            4322,
            1965,
            1461,
            952,
            4396,
            4162,
            3508,
            1048,
            781,
            2399,
            3649,
            3542,
            2331,
            2919,
            4101,
            1804,
            1715,
            3373,
            2953,
            4831,
            2256,
            5294,
            3528,
            4031,
            2128
        ],
        [
            1088,
            108,
            4270,
            807,
            5295,
            785,
            1334,
            643,
            2512,
            4693,
            5300,
            191,
            2354,
            2392,
            4136,
            3239,
            4641,
            661,
            3941,
            3881,
            3330,
            1274,
            1584,
            2677,
            984,
            2134,
            1603,
            2443,
            231,
            1321,
            747,
            4179,
            464
        ],
        [
            3774,
            4989,
            3507,
            1695,
            1862,
            3670,
            4908,
            4747,
            1348,
            3282,
            3730,
            4811,
            2737,
            220,
            2862,
            3910,
            2649,
            5309,
            890,
            2468,
            69,
            4760,
            189,
            152,
            3823,
            2933,
            607,
            463,
            3044,
            419,
            1536,
            3298,
            1712
        ]
    ],
    "blocklist": [
        3047,
        1321,
        2134,
        1506,
        1274,
        5366,
        3528,
        3508,
        1461,
        643,
        634,
        4740,
        191,
        5294,
        2465,
        4396,
        1804,
        2443,
        785,
        4270,
        1715,
        3881,
        3774,
        4989,
        3507,
        1695,
        1862,
        3670,
        4908,
        4747,
        1348,
        3282,
        3730,
        4811,
        2737,
        220,
        2862,
        3910,
        2649,
        5309,
        890,
        2468,
        69,
        4760,
        189,
        152,
        3823,
        2933,
        607,
        463,
        3044,
        419,
        1536,
        3298,
        1712
    ],
    "best_model_1": 3,
    "segments_2": [
        [
            3047,
            1321,
            2134,
            1506,
            1274,
            5366,
            3528,
            3508,
            1461,
            643,
            634,
            4740,
            191,
            5294,
            2465,
            4396,
            1804,
            2443,
            785,
            4270,
            1715,
            3881
        ],
        [
            4831,
            2256,
            661,
            747,
            4693,
            2331,
            4031,
            2677,
            2399,
            2919,
            231,
            5300,
            773,
            4101,
            2953,
            2354,
            3330,
            3542,
            984,
            1048,
            464,
            1965
        ],
        [
            4369,
            4322,
            4179,
            5295,
            1088,
            4641,
            1334,
            5324,
            4162,
            2128,
            2512,
            952,
            2392,
            3239,
            3941,
            3373,
            3649,
            108,
            807,
            1603,
            1584,
            781
        ]
    ],
    "best_model_2": 1,
    "segments_3": [
        [
            773,
            5295,
            1334,
            2128,
            4369,
            5324,
            2953,
            4322,
            3542,
            2399,
            984,
            4179,
            4031,
            952,
            807
        ],
        [
            1088,
            2677,
            4831,
            4101,
            3330,
            3239,
            4641,
            2331,
            108,
            4693,
            464,
            2354,
            3649,
            1048,
            2512
        ],
        [
            3373,
            747,
            2919,
            3941,
            1584,
            4136,
            661,
            5300,
            2392,
            781,
            4162,
            2256,
            1603,
            231,
            1965
        ]
    ],
    "best_model_3": 1
}