k_fraction,score_average
0,0.0062094947206787765
25,0.06809566923184321
50,0.0748666488158051
75,0.13934266910364385
output-pe,0.2505115374806337
