k_fraction,average_distance
0,1.2441250777826967
25,0.9847864567571974
50,1.0141038106026563
75,0.919899942596561
output-pe,0.8702070187173234
