k_fraction,score_average
0,0.010238231590483338
25,0.09317869056831114
50,0.13526908828062006
75,0.27575904241530225
output-pe,0.2288940651633311
