k_fraction,average_distance
0,1.2004284608456142
25,0.9305803416047238
50,0.9140326318559193
75,0.7684821044348513
output-pe,0.8274888691405111
