{
    "emotion_target": "confusion",
    "label_order": {
        "confusion": 0,
        "remorse": 1,
        "sadness": 2,
        "love": 3,
        "caring": 4,
        "disappointment": 5,
        "approval": 6,
        "gratitude": 7,
        "admiration": 8,
        "grief": 9,
        "optimism": 10,
        "disapproval": 11,
        "realization": 12,
        "desire": 13,
        "curiosity": 14,
        "anger": 16,
        "embarrassment": 17,
        "joy": 18,
        "amusement": 19,
        "disgust": 20,
        "annoyance": 21,
        "neutral": 22,
        "nervousness": 23,
        "relief": 24,
        "fear": 25,
        "excitement": 26,
        "surprise": 27,
        "pride": 28
    },
    "target_sample": {
        "text": "I understand the confusion",
        "emotion": [
            0.9412725567817688,
            0.004019000567495823,
            0.0038745293859392405,
            0.0112540228292346,
            0.004328932147473097,
            0.0077621107921004295,
            0.02866194024682045,
            0.008555899374186993,
            0.005646380130201578,
            0.000960994977504015,
            0.00932786799967289,
            0.016117673367261887,
            0.02692248299717903,
            0.0027992958202958107,
            0.05726807191967964,
            0.003909861668944359,
            0.0029987222515046597,
            0.008630221709609032,
            0.004080701619386673,
            0.002716770628467202,
            0.013468504883348942,
            0.07740899920463562,
            0.005723230540752411,
            0.0013674097135663033,
            0.0050838845781981945,
            0.005679599475115538,
            0.007802959997206926,
            0.0006004763417877257
        ]
    },
    "segments_1": [
        [
            4535,
            1398,
            1254,
            1386,
            3310,
            2855,
            4111,
            767,
            1942,
            4941,
            5267,
            295,
            2835,
            4384,
            1105,
            5069,
            1074,
            31,
            3258,
            1915,
            2189,
            4846,
            2240,
            5251,
            448,
            2689,
            518,
            1920,
            1479,
            5149,
            3950,
            2451,
            2356
        ],
        [
            2483,
            2509,
            3026,
            1560,
            4354,
            181,
            4505,
            4644,
            4839,
            253,
            3463,
            4006,
            4570,
            1083,
            3556,
            4798,
            4336,
            1309,
            903,
            4528,
            648,
            1985,
            3661,
            5050,
            4778,
            3897,
            1836,
            3136,
            4452,
            4597,
            3891,
            1906,
            3584
        ],
        [
            5273,
            1575,
            2492,
            3450,
            3475,
            101,
            1548,
            620,
            4368,
            3832,
            1595,
            1356,
            2129,
            4015,
            4142,
            5411,
            24,
            2173,
            445,
            4430,
            422,
            4633,
            1964,
            418,
            1203,
            4485,
            1319,
            1875,
            884,
            1484,
            829,
            582,
            3925
        ]
    ],
    "blocklist": [
        4006,
        3661,
        295,
        3891,
        4798,
        5251,
        4570,
        4336,
        1398,
        1254,
        4846,
        2835,
        5267,
        1906,
        1479,
        4354,
        1836,
        2356,
        1560,
        4528,
        1083,
        2483,
        5273,
        1575,
        2492,
        3450,
        3475,
        101,
        1548,
        620,
        4368,
        3832,
        1595,
        1356,
        2129,
        4015,
        4142,
        5411,
        24,
        2173,
        445,
        4430,
        422,
        4633,
        1964,
        418,
        1203,
        4485,
        1319,
        1875,
        884,
        1484,
        829,
        582,
        3925
    ],
    "best_model_1": 3,
    "segments_2": [
        [
            4006,
            3661,
            295,
            3891,
            4798,
            5251,
            4570,
            4336,
            1398,
            1254,
            4846,
            2835,
            5267,
            1906,
            1479,
            4354,
            1836,
            2356,
            1560,
            4528,
            1083,
            2483
        ],
        [
            2509,
            3026,
            253,
            4452,
            5069,
            4778,
            3463,
            4597,
            2240,
            5005,
            3897,
            4644,
            3950,
            3136,
            2689,
            3584,
            5149,
            4839,
            2189,
            903,
            1942,
            518
        ],
        [
            31,
            3258,
            4111,
            3556,
            1309,
            1920,
            1074,
            2855,
            767,
            648,
            1985,
            448,
            181,
            4505,
            1105,
            1915,
            4941,
            1386,
            3310,
            4384,
            2451,
            5050
        ]
    ],
    "best_model_2": 1,
    "segments_3": [
        [
            448,
            903,
            181,
            3136,
            4111,
            1309,
            4452,
            3584,
            3026,
            5149,
            648,
            3310,
            3556,
            3258,
            4778
        ],
        [
            3463,
            1105,
            1942,
            4384,
            2189,
            767,
            4505,
            4839,
            2855,
            31,
            4644,
            1386,
            4535,
            1915,
            2689
        ],
        [
            2509,
            5050,
            4941,
            4597,
            1920,
            5069,
            2240,
            1074,
            3950,
            3897,
            518,
            1985,
            5005,
            2451,
            253
        ]
    ],
    "best_model_3": 2
}