Grouping Function,Evaluation Function,Starting Distance,Convergence Speed (rounds),Convergence Accuracy (final distance),Pearson Correlation
epsilon_greedy,dot_product,10.028441437148205,10.346153846153847,5.445687902723455,0.5229154508442252
epsilon_greedy,l1_norm,9.81436974040571,23.785714285714285,4.053428814823883,0.4556254635055877
epsilon_greedy,l2_norm,9.589387521940566,23.541666666666668,3.3531763327881134,0.47986393312625353
interleaved,dot_product,9.9329351019901,23.166666666666668,5.522369453048582,0.4605980733008224
interleaved,l1_norm,10.003263746836156,27.135135135135137,4.336375958536403,0.5216736956769965
interleaved,l2_norm,9.806294534504623,21.153846153846153,3.944494289177308,0.5902326784344999
random,dot_product,9.814317300604195,14.923076923076923,5.749311338691125,0.4992331099091084
random,l1_norm,9.503128231558458,26.1,3.742281748051657,0.5543251555585537
random,l2_norm,9.414621427039418,25.022222222222222,3.323204390563464,0.6065214826131264
