k_fraction,average_distance
0,1.3000022335513486
25,0.3316472962344571
50,0.3122425825982597
75,0.09620757538223446
output-pe,0.49207109838477264
