k_fraction,love_score_average
0,0.02559739719145
25,0.7390716314665042
50,0.7479389218962751
75,0.896593413077062
output-pe,0.7242738313332666
