k_fraction,average_distance
0,1.2543465345046303
25,0.9770143360018432
50,0.9656785166836345
75,0.9235491883719142
output-pe,0.9597018323298208
