k_fraction,score_average
0,0.00811772666638717
25,0.11805216613574884
50,0.09688758695847355
75,0.16923263138742187
output-pe,0.1745719211292453
