k_fraction,average_distance
0,1.2245502046590402
25,0.7944801031856309
50,0.9641805072520686
75,0.5585832648100127
output-pe,0.7891070883647849
