k_fraction,score_average
0,0.005765983421588317
25,0.26415758854418525
50,0.09092138404375874
75,0.47615844919346273
output-pe,0.3223690679296851
