k_fraction,score_average
0,0.0061607907642610375
25,0.13877933379844762
50,0.1548441985534737
75,0.41388021646998824
output-pe,0.18202432120451703
