k_fraction,average_distance
0,1.2493847251840244
25,0.9219111684479581
50,0.8915467021338739
75,0.6410345553496103
output-pe,0.9699741571637199
