{
    "emotion_target": "remorse",
    "label_order": {
        "remorse": 0,
        "sadness": 2,
        "love": 3,
        "caring": 4,
        "disappointment": 5,
        "approval": 6,
        "gratitude": 7,
        "admiration": 8,
        "grief": 9,
        "optimism": 10,
        "disapproval": 11,
        "realization": 12,
        "desire": 13,
        "curiosity": 14,
        "confusion": 15,
        "anger": 16,
        "embarrassment": 17,
        "joy": 18,
        "amusement": 19,
        "disgust": 20,
        "annoyance": 21,
        "neutral": 22,
        "nervousness": 23,
        "relief": 24,
        "fear": 25,
        "excitement": 26,
        "surprise": 27,
        "pride": 28
    },
    "target_sample": {
        "text": "I apologize, that sincerely was meant for Askreddit. If you look at my history you'll see that's where I always post. My mistake.",
        "emotion": [
            0.8513439893722534,
            0.14865843951702118,
            0.005058493465185165,
            0.024623895063996315,
            0.016967905685305595,
            0.04222476854920387,
            0.010949249379336834,
            0.0055312421172857285,
            0.005258582066744566,
            0.014332306571304798,
            0.012454796582460403,
            0.03657039254903793,
            0.00554647296667099,
            0.0050264084711670876,
            0.005585981532931328,
            0.00377910234965384,
            0.020673319697380066,
            0.0035069214645773172,
            0.0048625716008245945,
            0.002884507644921541,
            0.007696663029491901,
            0.05275560915470123,
            0.002867097035050392,
            0.003284403122961521,
            0.0019909704569727182,
            0.001607501064427197,
            0.0010846939403563738,
            0.0013306837063282728
        ]
    },
    "segments_1": [
        [
            3632,
            1496,
            3959,
            4956,
            3396,
            2994,
            2522,
            21,
            2042,
            1374,
            1777,
            1909,
            1885,
            3598,
            687,
            1736,
            4341,
            2358,
            3702,
            2566,
            8,
            4426,
            4678,
            1710,
            5025,
            2274,
            3783,
            2789,
            4754,
            3350,
            2426,
            4824,
            2181
        ],
        [
            736,
            1642,
            5093,
            2462,
            2290,
            4588,
            1294,
            223,
            2164,
            432,
            4059,
            4544,
            2791,
            4816,
            3015,
            5274,
            1065,
            4695,
            4107,
            1436,
            1939,
            4551,
            182,
            210,
            272,
            2365,
            839,
            873,
            2990,
            953,
            2161,
            2756,
            918
        ],
        [
            2495,
            2438,
            4167,
            4399,
            4723,
            1002,
            602,
            3813,
            177,
            1379,
            0,
            420,
            5288,
            4126,
            3838,
            438,
            58,
            1854,
            3368,
            4862,
            4297,
            65,
            2056,
            5405,
            782,
            4159,
            3900,
            1178,
            163,
            274,
            3377,
            1738,
            4147
        ]
    ],
    "blocklist": [
        1777,
        2990,
        4678,
        839,
        4816,
        2789,
        5025,
        4544,
        1710,
        4107,
        4695,
        3632,
        3396,
        432,
        4551,
        2566,
        4588,
        3783,
        223,
        1939,
        918,
        1065,
        2495,
        2438,
        4167,
        4399,
        4723,
        1002,
        602,
        3813,
        177,
        1379,
        0,
        420,
        5288,
        4126,
        3838,
        438,
        58,
        1854,
        3368,
        4862,
        4297,
        65,
        2056,
        5405,
        782,
        4159,
        3900,
        1178,
        163,
        274,
        3377,
        1738,
        4147
    ],
    "best_model_1": 3,
    "segments_2": [
        [
            3350,
            2791,
            8,
            4426,
            2290,
            2161,
            2365,
            2358,
            272,
            4754,
            4824,
            1436,
            2522,
            2274,
            4341,
            182,
            1294,
            2181,
            953,
            873,
            1496,
            1885
        ],
        [
            687,
            3598,
            1374,
            210,
            4059,
            1736,
            2164,
            3702,
            1909,
            2756,
            2426,
            3959,
            5274,
            4956,
            1642,
            21,
            2994,
            2462,
            4149,
            2042,
            736,
            5093
        ],
        [
            1777,
            2990,
            4678,
            839,
            4816,
            2789,
            5025,
            4544,
            1710,
            4107,
            4695,
            3632,
            3396,
            432,
            4551,
            2566,
            4588,
            3783,
            223,
            1939,
            918,
            1065
        ]
    ],
    "best_model_2": 3,
    "segments_3": [
        [
            687,
            2791,
            272,
            182,
            4149,
            1885,
            1642,
            3015,
            4426,
            1496,
            2358,
            4956,
            4341,
            2522,
            4754
        ],
        [
            736,
            4824,
            3702,
            1909,
            2994,
            2290,
            2274,
            1294,
            2161,
            1436,
            2181,
            5274,
            1374,
            2164,
            3350
        ],
        [
            21,
            3598,
            953,
            210,
            873,
            1736,
            5093,
            4059,
            2426,
            2365,
            3959,
            2042,
            2462,
            2756,
            8
        ]
    ],
    "best_model_3": 2
}