k_fraction,average_distance
0,1.0740909234827551
33,0.22616259200713174
66,0.43726370160351247
100,0.39859091202081837
output-pe,
