k_fraction,score_average
0,0.19078345793823245
33,0.8078790787199978
66,0.6498646500520409
100,0.7179106071213027
output-pe,
