k_fraction,average_distance
0,1.262594845208894
25,0.8702154725455786
50,0.40026373589228503
75,0.31359422976200774
output-pe,0.5926056429961447
