k_fraction,score_average
0,0.00884632978704758
25,0.34514496564370345
50,0.6875163078162586
75,0.7428122663637623
output-pe,0.6489413934061303
