{
    "emotion_target": "excitement",
    "label_order": {
        "excitement": 0,
        "remorse": 1,
        "sadness": 2,
        "love": 3,
        "caring": 4,
        "disappointment": 5,
        "approval": 6,
        "gratitude": 7,
        "admiration": 8,
        "grief": 9,
        "optimism": 10,
        "disapproval": 11,
        "realization": 12,
        "desire": 13,
        "curiosity": 14,
        "confusion": 15,
        "anger": 16,
        "embarrassment": 17,
        "joy": 18,
        "amusement": 19,
        "disgust": 20,
        "annoyance": 21,
        "neutral": 22,
        "nervousness": 23,
        "relief": 24,
        "fear": 25,
        "surprise": 27,
        "pride": 28
    },
    "target_sample": {
        "text": "I am really excited for you! We texted a few weeks before we met too! The first hugs and kisses were the best!",
        "emotion": [
            0.8241128325462341,
            0.0006162817007862031,
            0.002160012489184737,
            0.031893473118543625,
            0.003400887595489621,
            0.0017467011930420995,
            0.020446887239813805,
            0.007522363215684891,
            0.037427663803100586,
            0.0006714342744089663,
            0.005324696656316519,
            0.002984206425026059,
            0.00393532682210207,
            0.009976785629987717,
            0.02383008785545826,
            0.0065255374647676945,
            0.0018644911469891667,
            0.000999554991722107,
            0.09942417591810226,
            0.008046749047935009,
            0.0018023367738351226,
            0.0031676271464675665,
            0.028286132961511612,
            0.0034175810869783163,
            0.001961327390745282,
            0.0037259666714817286,
            0.016687488183379173,
            0.0020054983906447887
        ]
    },
    "segments_1": [
        [
            3826,
            425,
            5303,
            603,
            361,
            1861,
            4058,
            2609,
            982,
            5172,
            2759,
            3186,
            887,
            5167,
            1329,
            1707,
            1467,
            2991,
            3859,
            2418,
            394,
            3081,
            4972,
            649,
            1874,
            2898,
            2452,
            2751,
            4962,
            3142,
            4691,
            1055,
            4662
        ],
        [
            3286,
            1307,
            3581,
            4718,
            3358,
            2378,
            4177,
            1399,
            4889,
            1793,
            3280,
            4456,
            2605,
            5117,
            621,
            3016,
            3248,
            1921,
            2787,
            4184,
            427,
            1455,
            2926,
            1360,
            4818,
            4182,
            365,
            915,
            4475,
            2409,
            2091,
            1863,
            2104
        ],
        [
            4967,
            1513,
            450,
            4125,
            357,
            5195,
            3776,
            4000,
            4919,
            928,
            871,
            4507,
            4497,
            1145,
            1415,
            3818,
            923,
            4090,
            1157,
            396,
            1705,
            3532,
            3279,
            2892,
            3777,
            2821,
            5086,
            2758,
            5368,
            4257,
            4021,
            3235,
            1130
        ]
    ],
    "blocklist": [
        3081,
        928,
        3279,
        3777,
        425,
        1415,
        4691,
        2991,
        3818,
        923,
        2758,
        450,
        3156,
        2418,
        4919,
        2892,
        4090,
        1329,
        1707,
        4021,
        396,
        3186,
        3286,
        1307,
        3581,
        4718,
        3358,
        2378,
        4177,
        1399,
        4889,
        1793,
        3280,
        4456,
        2605,
        5117,
        621,
        3016,
        3248,
        1921,
        2787,
        4184,
        427,
        1455,
        2926,
        1360,
        4818,
        4182,
        365,
        915,
        4475,
        2409,
        2091,
        1863,
        2104
    ],
    "best_model_1": 2,
    "segments_2": [
        [
            5167,
            3776,
            4662,
            4058,
            361,
            5172,
            2821,
            1467,
            4257,
            1705,
            4125,
            2609,
            2898,
            4962,
            394,
            1513,
            5303,
            3532,
            3142,
            2751,
            1130,
            1157
        ],
        [
            4507,
            871,
            5086,
            4497,
            2759,
            3826,
            649,
            4972,
            357,
            887,
            3859,
            603,
            1145,
            4000,
            5368,
            1874,
            4967,
            982,
            1055,
            2452,
            5195,
            3235
        ],
        [
            3081,
            928,
            3279,
            3777,
            425,
            1415,
            4691,
            2991,
            3818,
            923,
            2758,
            450,
            3156,
            2418,
            4919,
            2892,
            4090,
            1329,
            1707,
            4021,
            396,
            3186
        ]
    ],
    "best_model_2": 3,
    "segments_3": [
        [
            871,
            3859,
            1513,
            1055,
            2759,
            4972,
            4257,
            5303,
            4058,
            1145,
            3826,
            5172,
            1705,
            982,
            2751
        ],
        [
            4507,
            5368,
            1874,
            2609,
            5167,
            1157,
            361,
            1467,
            1130,
            603,
            887,
            3532,
            2452,
            5195,
            357
        ],
        [
            2898,
            649,
            4497,
            4662,
            3776,
            394,
            1861,
            4125,
            4000,
            3142,
            4962,
            2821,
            5086,
            4967,
            3235
        ]
    ],
    "best_model_3": 1
}