{
    "emotion_target": "relief",
    "label_order": {
        "relief": 0,
        "remorse": 1,
        "sadness": 2,
        "love": 3,
        "caring": 4,
        "disappointment": 5,
        "approval": 6,
        "gratitude": 7,
        "admiration": 8,
        "grief": 9,
        "optimism": 10,
        "disapproval": 11,
        "realization": 12,
        "desire": 13,
        "curiosity": 14,
        "confusion": 15,
        "anger": 16,
        "embarrassment": 17,
        "joy": 18,
        "amusement": 19,
        "disgust": 20,
        "annoyance": 21,
        "neutral": 22,
        "nervousness": 23,
        "fear": 25,
        "excitement": 26,
        "surprise": 27,
        "pride": 28
    },
    "target_sample": {
        "text": "Fortunately, finding yourself and deepening your spiritual connection with the world only takes about 4 days in a beach hut with a thatched roof.",
        "emotion": [
            0.23481720685958862,
            0.0023472043685615063,
            0.005451024975627661,
            0.0013819015584886074,
            0.06099295616149902,
            0.004751748405396938,
            0.2617751359939575,
            0.06636136025190353,
            0.035410452634096146,
            0.002735645044595003,
            0.04338449612259865,
            0.005036481656134129,
            0.04661238193511963,
            0.003140076296404004,
            0.0008007574360817671,
            0.001633819891139865,
            0.001045068260282278,
            0.0020231313537806273,
            0.4100455939769745,
            0.003942439332604408,
            0.0010548221180215478,
            0.006777013652026653,
            0.1376010626554489,
            0.0030786755960434675,
            0.0014857831411063671,
            0.011224474757909775,
            0.002649199217557907,
            0.027630962431430817
        ]
    },
    "segments_1": [
        [
            97,
            4192,
            1003,
            1030,
            885,
            901,
            3630,
            943,
            2783,
            3826,
            3493,
            2873,
            2192,
            744,
            1921,
            208,
            28,
            1488,
            2090,
            4093,
            2286,
            3838,
            2541,
            2757,
            2765,
            5330,
            3089,
            1566,
            2589,
            1046,
            1445,
            2510,
            4300
        ],
        [
            3975,
            1616,
            1168,
            2493,
            4355,
            3228,
            4705,
            545,
            4861,
            4197,
            4886,
            3387,
            2513,
            1625,
            4344,
            2497,
            1151,
            3111,
            1071,
            2211,
            1599,
            3076,
            1065,
            3734,
            4558,
            2614,
            1008,
            700,
            1249,
            2300,
            3215,
            3353,
            2767
        ],
        [
            5111,
            1196,
            4460,
            3887,
            1888,
            1018,
            5327,
            4880,
            2623,
            2003,
            4165,
            390,
            547,
            3268,
            5172,
            1977,
            3170,
            4580,
            4664,
            3202,
            5221,
            2508,
            3487,
            2702,
            836,
            4658,
            4967,
            1116,
            867,
            3172,
            400,
            959,
            4128
        ]
    ],
    "blocklist": [
        2873,
        2757,
        2589,
        1151,
        2192,
        2497,
        3493,
        3387,
        943,
        1566,
        1008,
        4192,
        3089,
        3826,
        4300,
        545,
        1488,
        4093,
        859,
        1445,
        28,
        1616,
        5111,
        1196,
        4460,
        3887,
        1888,
        1018,
        5327,
        4880,
        2623,
        2003,
        4165,
        390,
        547,
        3268,
        5172,
        1977,
        3170,
        4580,
        4664,
        3202,
        5221,
        2508,
        3487,
        2702,
        836,
        4658,
        4967,
        1116,
        867,
        3172,
        400,
        959,
        4128
    ],
    "best_model_1": 3,
    "segments_2": [
        [
            4197,
            4861,
            2510,
            1921,
            700,
            4886,
            4558,
            97,
            208,
            3630,
            1071,
            5330,
            901,
            2090,
            2765,
            1625,
            1249,
            885,
            2300,
            1046,
            1030,
            3111
        ],
        [
            2873,
            2757,
            2589,
            1151,
            2192,
            2497,
            3493,
            3387,
            943,
            1566,
            1008,
            4192,
            3089,
            3826,
            4300,
            545,
            1488,
            4093,
            859,
            1445,
            28,
            1616
        ],
        [
            3734,
            1168,
            2783,
            1003,
            2541,
            3353,
            1065,
            3228,
            3215,
            2614,
            744,
            3076,
            2211,
            4344,
            2767,
            2493,
            1599,
            2286,
            3838,
            4355,
            4705,
            3975
        ]
    ],
    "best_model_2": 2,
    "segments_3": [
        [
            208,
            1003,
            2541,
            2513,
            2614,
            1071,
            4705,
            4197,
            1249,
            1921,
            2765,
            3838,
            1030,
            2090,
            2767
        ],
        [
            901,
            3734,
            4861,
            4344,
            3228,
            744,
            2510,
            1625,
            2493,
            1168,
            97,
            1046,
            2211,
            2300,
            3111
        ],
        [
            2286,
            885,
            700,
            3076,
            2783,
            4558,
            3215,
            3353,
            1599,
            1065,
            4886,
            3975,
            3630,
            5330,
            4355
        ]
    ],
    "best_model_3": 2
}