{
    "emotion_target": "amusement",
    "label_order": {
        "amusement": 0,
        "remorse": 1,
        "sadness": 2,
        "love": 3,
        "caring": 4,
        "disappointment": 5,
        "approval": 6,
        "gratitude": 7,
        "admiration": 8,
        "grief": 9,
        "optimism": 10,
        "disapproval": 11,
        "realization": 12,
        "desire": 13,
        "curiosity": 14,
        "confusion": 15,
        "anger": 16,
        "embarrassment": 17,
        "joy": 18,
        "disgust": 20,
        "annoyance": 21,
        "neutral": 22,
        "nervousness": 23,
        "relief": 24,
        "fear": 25,
        "excitement": 26,
        "surprise": 27,
        "pride": 28
    },
    "target_sample": {
        "text": "Wtf if this is true it\u2019s the funniest thing I\u2019ve read all day.",
        "emotion": [
            0.962486982345581,
            0.0015611716080456972,
            0.0049078501760959625,
            0.008376979269087315,
            0.0024041610304266214,
            0.003302396973595023,
            0.013052073307335377,
            0.003641771385446191,
            0.026984769850969315,
            0.0008047079318203032,
            0.007626181002706289,
            0.004309839569032192,
            0.016038406640291214,
            0.0024111175443977118,
            0.01472731214016676,
            0.010328372940421104,
            0.0038468134589493275,
            0.003513791598379612,
            0.17128397524356842,
            0.0033659308683127165,
            0.011046178638935089,
            0.007436864543706179,
            0.0021308427676558495,
            0.002473903354257345,
            0.0016768090426921844,
            0.01379148568958044,
            0.010092206299304962,
            0.000818170141428709
        ]
    },
    "segments_1": [
        [
            4413,
            1974,
            3478,
            5055,
            1572,
            5027,
            3751,
            3837,
            3676,
            46,
            3768,
            3896,
            2938,
            2219,
            2255,
            1785,
            1181,
            1962,
            5000,
            730,
            4881,
            374,
            4431,
            3214,
            2244,
            4448,
            4287,
            1516,
            965,
            973,
            1406,
            2039,
            2999
        ],
        [
            1306,
            2620,
            5250,
            4906,
            4756,
            2456,
            3997,
            834,
            1190,
            2672,
            886,
            976,
            4372,
            759,
            3274,
            5246,
            2686,
            4744,
            5188,
            3031,
            5323,
            1333,
            963,
            3976,
            2489,
            4231,
            4610,
            4200,
            2293,
            4927,
            3434,
            2337,
            18
        ],
        [
            2700,
            3328,
            2328,
            5026,
            3696,
            2326,
            2967,
            1618,
            2481,
            2203,
            3771,
            914,
            2476,
            3561,
            2017,
            3907,
            3781,
            128,
            4590,
            5218,
            3967,
            3806,
            3125,
            3534,
            4117,
            837,
            2924,
            4801,
            3370,
            4055,
            2499,
            5404,
            175
        ]
    ],
    "blocklist": [
        3806,
        5055,
        973,
        3781,
        46,
        3771,
        2700,
        837,
        3478,
        2924,
        2244,
        1962,
        1572,
        1406,
        2476,
        3751,
        2938,
        3896,
        374,
        4431,
        3837,
        2967,
        1306,
        2620,
        5250,
        4906,
        4756,
        2456,
        3997,
        834,
        1190,
        2672,
        886,
        976,
        4372,
        759,
        3274,
        5246,
        2686,
        4744,
        5188,
        3031,
        5323,
        1333,
        963,
        3976,
        2489,
        4231,
        4610,
        4200,
        2293,
        4927,
        3434,
        2337,
        18
    ],
    "best_model_1": 2,
    "segments_2": [
        [
            3806,
            5055,
            973,
            3781,
            46,
            3771,
            2700,
            837,
            3478,
            2924,
            2244,
            1962,
            1572,
            1406,
            2476,
            3751,
            2938,
            3896,
            374,
            4431,
            3837,
            2967
        ],
        [
            2999,
            3768,
            914,
            3125,
            1974,
            1181,
            1785,
            5000,
            730,
            2326,
            3907,
            4448,
            5218,
            965,
            4881,
            2328,
            5027,
            3676,
            4801,
            4055,
            1618,
            2219
        ],
        [
            2255,
            4590,
            3967,
            172,
            2039,
            3214,
            2017,
            4117,
            2203,
            3561,
            5026,
            2499,
            1516,
            4287,
            3370,
            3534,
            3696,
            3328,
            2481,
            4413,
            175,
            128
        ]
    ],
    "best_model_2": 1,
    "segments_3": [
        [
            1181,
            914,
            2499,
            3328,
            3676,
            2039,
            5404,
            1785,
            5218,
            3125,
            4881,
            2326,
            5026,
            2328,
            3214
        ],
        [
            1974,
            2481,
            2203,
            4117,
            1516,
            730,
            4448,
            965,
            2999,
            3768,
            4413,
            1618,
            3696,
            2017,
            4590
        ],
        [
            3534,
            3967,
            2219,
            3561,
            5027,
            2255,
            3370,
            4801,
            4287,
            172,
            3907,
            5000,
            128,
            4055,
            175
        ]
    ],
    "best_model_3": 3
}