k_fraction,score_average
0,0.08557497390429489
25,0.3610207737365272
50,0.8974799525691196
75,0.5702705771283945
output-pe,0.629140261025168
