k_fraction,average_distance
0,1.1993233170331048
25,0.7873904405751004
50,0.09709694965058722
75,0.5200047745954416
output-pe,0.581121322978684
