Grouping Function,Evaluation Function,Starting Distance,Convergence Speed (rounds),Convergence Accuracy (final distance),Pearson Correlation
epsilon_greedy,dot_product,9.680731762904434,12.147058823529411,4.827262996323565,0.3796569233959397
epsilon_greedy,l1_norm,9.556590284420315,13.378378378378379,4.199995610965366,0.35267737994230247
epsilon_greedy,l2_norm,9.24593154566219,13.114285714285714,3.9068321712730447,0.414960776124369
interleaved,dot_product,9.192618286191973,10.444444444444445,5.541253912454889,0.5068839246269891
interleaved,l1_norm,9.460213237855294,17.294117647058822,4.657676974694267,0.5499418465516495
interleaved,l2_norm,9.801832080929204,16.533333333333335,4.738387134890844,0.5869135358300381
random,dot_product,10.164100439056961,17.17391304347826,5.486089674376697,0.5529069032998144
random,l1_norm,9.867095599458096,19.03448275862069,4.77095922249527,0.5292380535269752
random,l2_norm,9.15227111197857,11.727272727272727,4.403896569326795,0.6074951937629434
