k_fraction,score_average
0,0.008703680770122447
33,0.6368206474522594
66,0.6826145656115841
100,0.7926946018298622
output-pe,
