k_fraction,average_distance
0,1.1898056884130546
33,0.49225919570120896
66,0.4440800495806088
100,0.24900128959649387
output-pe,
