Grouping Function,Evaluation Function,Starting Distance,Convergence Speed (rounds),Convergence Accuracy (final distance),Pearson Correlation
epsilon_greedy,dot_product,9.41098141184554,10.678571428571429,5.5172838644288325,0.5127258029731508
epsilon_greedy,l1_norm,9.382832942496275,15.439024390243903,4.036456188561027,0.45188511693057537
epsilon_greedy,l2_norm,9.801698375449785,21.18421052631579,3.833357612308299,0.5069885120810419
interleaved,dot_product,9.535279887786091,11.303030303030303,5.026187223188935,0.6004421804256576
interleaved,l1_norm,9.543826483181991,17.31578947368421,4.226363248622394,0.590629985462762
interleaved,l2_norm,9.106994743611923,18.027027027027028,4.297013934688858,0.6619609438364056
random,dot_product,9.571274753388371,11.3,5.249131056919821,0.645767032091085
random,l1_norm,9.075397533878014,17.46153846153846,3.94417783779954,0.6247598234216347
random,l2_norm,9.362262419284624,17.47222222222222,4.195970194905553,0.6805755084120167
