k_fraction,average_distance
0,1.2186140160991505
25,0.32853103369353165
50,0.3266575658250979
75,0.33495655159923754
output-pe,0.48247175768713485
