k_fraction,score_average
0,0.07023969697766005
25,0.7116445108869811
50,0.7281490457477048
75,0.7203824891475961
output-pe,0.7731817326508462
