{
    "emotion_target": "admiration",
    "label_order": {
        "admiration": 0,
        "remorse": 1,
        "sadness": 2,
        "love": 3,
        "caring": 4,
        "disappointment": 5,
        "approval": 6,
        "gratitude": 7,
        "grief": 9,
        "optimism": 10,
        "disapproval": 11,
        "realization": 12,
        "desire": 13,
        "curiosity": 14,
        "confusion": 15,
        "anger": 16,
        "embarrassment": 17,
        "joy": 18,
        "amusement": 19,
        "disgust": 20,
        "annoyance": 21,
        "neutral": 22,
        "nervousness": 23,
        "relief": 24,
        "fear": 25,
        "excitement": 26,
        "surprise": 27,
        "pride": 28
    },
    "target_sample": {
        "text": "Excellent collage, I learned so much from all these guys. The community is great, the unconfiscatable conference was awesome \ud83d\ude4f\ud83c\udffd\ud83d\ude4f\ud83c\udffd",
        "emotion": [
            0.9665602445602417,
            0.0005364028620533645,
            0.0024285688996315002,
            0.005740234162658453,
            0.0034646843560039997,
            0.0036134475376456976,
            0.061499208211898804,
            0.006455508526414633,
            0.0005726852104999125,
            0.007757664658129215,
            0.004842743277549744,
            0.008506697602570057,
            0.0014060729881748557,
            0.003173300065100193,
            0.0024086518678814173,
            0.0026969588361680508,
            0.0006056164274923503,
            0.008682102896273136,
            0.003454547608271241,
            0.0010614641942083836,
            0.0050145359709858894,
            0.01201142929494381,
            0.0003658237401396036,
            0.0012060219887644053,
            0.0007978231878951192,
            0.006179979536682367,
            0.00243811821565032,
            0.005998377222567797
        ]
    },
    "segments_1": [
        [
            5101,
            3020,
            1564,
            3577,
            4751,
            5199,
            4298,
            4334,
            3213,
            1732,
            832,
            3266,
            1928,
            675,
            1281,
            763,
            3265,
            2703,
            4666,
            1770,
            2948,
            3930,
            628,
            5292,
            2500,
            4896,
            3036,
            2460,
            5384,
            1849,
            3722,
            2734,
            3904
        ],
        [
            3516,
            1123,
            1511,
            4694,
            2629,
            2837,
            2348,
            999,
            4083,
            1158,
            578,
            4768,
            3995,
            2563,
            4975,
            1540,
            2411,
            3187,
            4271,
            1561,
            217,
            5304,
            4629,
            2372,
            3288,
            1137,
            4440,
            3998,
            2152,
            2794,
            3554,
            627,
            5047
        ],
        [
            3343,
            444,
            3718,
            2802,
            4764,
            4836,
            2818,
            3304,
            1162,
            1704,
            4094,
            1385,
            4327,
            4545,
            5165,
            1258,
            764,
            2720,
            1424,
            2740,
            5161,
            718,
            3308,
            2643,
            998,
            625,
            5268,
            1650,
            3773,
            1043,
            2148,
            2218,
            4010
        ]
    ],
    "blocklist": [
        718,
        2148,
        3308,
        3995,
        5304,
        1043,
        2802,
        3187,
        1704,
        764,
        3611,
        4629,
        4836,
        1162,
        2372,
        1137,
        2643,
        998,
        3288,
        2348,
        1540,
        1424,
        5101,
        3020,
        1564,
        3577,
        4751,
        5199,
        4298,
        4334,
        3213,
        1732,
        832,
        3266,
        1928,
        675,
        1281,
        763,
        3265,
        2703,
        4666,
        1770,
        2948,
        3930,
        628,
        5292,
        2500,
        4896,
        3036,
        2460,
        5384,
        1849,
        3722,
        2734,
        3904
    ],
    "best_model_1": 1,
    "segments_2": [
        [
            718,
            2148,
            3308,
            3995,
            5304,
            1043,
            2802,
            3187,
            1704,
            764,
            3611,
            4629,
            4836,
            1162,
            2372,
            1137,
            2643,
            998,
            3288,
            2348,
            1540,
            1424
        ],
        [
            2629,
            3718,
            1123,
            3773,
            4440,
            2740,
            2218,
            5165,
            2794,
            2837,
            2563,
            4545,
            5268,
            1385,
            5161,
            578,
            3554,
            3998,
            1511,
            2818,
            1561,
            4094
        ],
        [
            1258,
            5047,
            1158,
            625,
            4975,
            217,
            2152,
            4764,
            4010,
            4768,
            4694,
            4327,
            2720,
            1650,
            3516,
            3304,
            2411,
            999,
            3343,
            4083,
            444,
            627
        ]
    ],
    "best_model_2": 1,
    "segments_3": [
        [
            1650,
            3773,
            4440,
            5268,
            3998,
            4975,
            2218,
            3718,
            2629,
            1123,
            4094,
            1561,
            578,
            3516,
            2411
        ],
        [
            4271,
            4768,
            2837,
            1158,
            3343,
            4083,
            5161,
            2818,
            5165,
            627,
            217,
            1511,
            2740,
            2152,
            2720
        ],
        [
            3304,
            2794,
            5047,
            4010,
            2563,
            999,
            1258,
            444,
            1385,
            4327,
            3554,
            4764,
            4694,
            4545,
            625
        ]
    ],
    "best_model_3": 1
}