{
    "emotion_target": "surprise",
    "label_order": {
        "surprise": 0,
        "remorse": 1,
        "sadness": 2,
        "love": 3,
        "caring": 4,
        "disappointment": 5,
        "approval": 6,
        "gratitude": 7,
        "admiration": 8,
        "grief": 9,
        "optimism": 10,
        "disapproval": 11,
        "realization": 12,
        "desire": 13,
        "curiosity": 14,
        "confusion": 15,
        "anger": 16,
        "embarrassment": 17,
        "joy": 18,
        "amusement": 19,
        "disgust": 20,
        "annoyance": 21,
        "neutral": 22,
        "nervousness": 23,
        "relief": 24,
        "fear": 25,
        "excitement": 26,
        "pride": 28
    },
    "target_sample": {
        "text": "I'm surprised he survived the primary.",
        "emotion": [
            0.8966706991195679,
            0.0014784715604037046,
            0.0034361195284873247,
            0.006119955331087112,
            0.0016745314933359623,
            0.011995629407465458,
            0.006327605340629816,
            0.004973479080945253,
            0.013827995397150517,
            0.002364971674978733,
            0.018858952447772026,
            0.005206598434597254,
            0.0230097733438015,
            0.004333966411650181,
            0.02162940800189972,
            0.006539329886436462,
            0.003745324444025755,
            0.003365025855600834,
            0.008342360146343708,
            0.0053946515545248985,
            0.002967139473184943,
            0.007496093399822712,
            0.03669564425945282,
            0.0012266086414456367,
            0.0020662269089370966,
            0.0032199991401284933,
            0.032155852764844894,
            0.0011622782330960035
        ]
    },
    "segments_1": [
        [
            937,
            4662,
            1256,
            4584,
            915,
            4330,
            293,
            1621,
            2335,
            4089,
            3443,
            676,
            3277,
            1090,
            891,
            3295,
            913,
            842,
            3240,
            3740,
            4627,
            3219,
            4893,
            5239,
            1692,
            4640,
            3405,
            4188,
            196,
            1865,
            94,
            2051,
            4755
        ],
        [
            4563,
            1537,
            328,
            2118,
            4596,
            2991,
            4187,
            1318,
            1685,
            4018,
            425,
            2880,
            1167,
            1769,
            1835,
            281,
            883,
            4095,
            2761,
            3336,
            450,
            3638,
            3836,
            1654,
            3570,
            44,
            4700,
            3546,
            2398,
            4685,
            1268,
            4190,
            3157
        ],
        [
            3680,
            3688,
            1191,
            236,
            3628,
            5224,
            2910,
            1441,
            1691,
            1526,
            3533,
            4087,
            4008,
            4129,
            479,
            2627,
            1316,
            3524,
            714,
            3329,
            4948,
            353,
            2588,
            120,
            306,
            2853,
            2183,
            1426,
            5290,
            2603,
            1139,
            2434,
            4362
        ]
    ],
    "blocklist": [
        2627,
        1537,
        3546,
        4095,
        2398,
        1691,
        4182,
        3157,
        1526,
        1441,
        4008,
        1268,
        3680,
        236,
        3570,
        1167,
        1654,
        1685,
        2910,
        3533,
        1318,
        1426,
        937,
        4662,
        1256,
        4584,
        915,
        4330,
        293,
        1621,
        2335,
        4089,
        3443,
        676,
        3277,
        1090,
        891,
        3295,
        913,
        842,
        3240,
        3740,
        4627,
        3219,
        4893,
        5239,
        1692,
        4640,
        3405,
        4188,
        196,
        1865,
        94,
        2051,
        4755
    ],
    "best_model_1": 1,
    "segments_2": [
        [
            2627,
            1537,
            3546,
            4095,
            2398,
            1691,
            4182,
            3157,
            1526,
            1441,
            4008,
            1268,
            3680,
            236,
            3570,
            1167,
            1654,
            1685,
            2910,
            3533,
            1318,
            1426
        ],
        [
            2183,
            2991,
            2880,
            3524,
            4362,
            2761,
            714,
            306,
            4685,
            44,
            1769,
            3836,
            353,
            3688,
            3329,
            1139,
            479,
            1316,
            328,
            2118,
            3336,
            1191
        ],
        [
            2603,
            281,
            5224,
            883,
            2434,
            4596,
            5290,
            4948,
            3628,
            4563,
            4129,
            450,
            2588,
            4187,
            2853,
            4190,
            4018,
            1835,
            120,
            4700,
            425,
            4087
        ]
    ],
    "best_model_2": 1,
    "segments_3": [
        [
            2183,
            1139,
            2761,
            3329,
            1316,
            3836,
            714,
            4700,
            1769,
            4187,
            3336,
            2588,
            4190,
            281,
            4362
        ],
        [
            328,
            4563,
            450,
            44,
            3524,
            2853,
            5224,
            479,
            306,
            4018,
            2880,
            353,
            2118,
            4596,
            1191
        ],
        [
            425,
            1835,
            4685,
            5290,
            3688,
            3638,
            883,
            120,
            3628,
            4087,
            2434,
            4129,
            2603,
            2991,
            4948
        ]
    ],
    "best_model_3": 3
}