Grouping Function,Evaluation Function,Starting Distance,Convergence Speed (rounds),Convergence Accuracy (final distance),Pearson Correlation
epsilon_greedy,dot_product,9.747460286583125,12.862068965517242,5.319811816930273,0.27809544492238436
epsilon_greedy,l1_norm,10.014275439142734,16.88235294117647,4.407922362144103,0.25806905307120354
epsilon_greedy,l2_norm,9.776048226850762,20.5,4.243932914605851,0.30869544445368663
interleaved,dot_product,9.74378861886753,15.03125,4.882161820242242,0.4399133301336528
interleaved,l1_norm,9.597819043211196,12.0,4.930305362659416,0.4316061524788205
interleaved,l2_norm,9.908978265442862,18.464285714285715,4.833655011592375,0.4955249573772448
random,dot_product,9.356842078588265,11.3,5.3378908867641535,0.42366717308505025
random,l1_norm,9.285960779821695,19.451612903225808,4.537190764231272,0.40236947487671093
random,l2_norm,9.40685594271541,12.264705882352942,4.547786893422594,0.454465810446221
