{
    "emotion_target": "nervousness",
    "label_order": {
        "nervousness": 0,
        "remorse": 1,
        "sadness": 2,
        "love": 3,
        "caring": 4,
        "disappointment": 5,
        "approval": 6,
        "gratitude": 7,
        "admiration": 8,
        "grief": 9,
        "optimism": 10,
        "disapproval": 11,
        "realization": 12,
        "desire": 13,
        "curiosity": 14,
        "confusion": 15,
        "anger": 16,
        "embarrassment": 17,
        "joy": 18,
        "amusement": 19,
        "disgust": 20,
        "annoyance": 21,
        "neutral": 22,
        "relief": 24,
        "fear": 25,
        "excitement": 26,
        "surprise": 27,
        "pride": 28
    },
    "target_sample": {
        "text": "I got a lot of withholding to throw me into anxiety.",
        "emotion": [
            0.6319075226783752,
            0.006027671974152327,
            0.08019348233938217,
            0.0123662194237113,
            0.05090252682566643,
            0.027522962540388107,
            0.02876056730747223,
            0.003664781339466572,
            0.010826821438968182,
            0.005615364760160446,
            0.00714560691267252,
            0.007072442676872015,
            0.030134771019220352,
            0.008841577917337418,
            0.012708119116723537,
            0.030420919880270958,
            0.0034564360976219177,
            0.004951149690896273,
            0.044275976717472076,
            0.008795048110187054,
            0.002480624243617058,
            0.010689732618629932,
            0.03962384909391403,
            0.016914889216423035,
            0.2078358381986618,
            0.03384203091263771,
            0.00490260636433959,
            0.002432384993880987
        ]
    },
    "segments_1": [
        [
            3337,
            470,
            1438,
            3015,
            3407,
            2341,
            3959,
            1599,
            1508,
            3630,
            1546,
            894,
            1939,
            2321,
            2322,
            2791,
            1940,
            199,
            4832,
            2161,
            2230,
            2566,
            3368,
            367,
            1531,
            274,
            2662,
            547,
            3642,
            5076,
            1611,
            5172,
            1030
        ],
        [
            2907,
            2249,
            2694,
            651,
            210,
            2053,
            51,
            3833,
            4868,
            4548,
            5288,
            3482,
            4622,
            2179,
            3129,
            610,
            851,
            2263,
            794,
            176,
            717,
            3083,
            2164,
            3838,
            791,
            2756,
            1188,
            2400,
            2865,
            966,
            2943,
            1553,
            800
        ],
        [
            4480,
            1589,
            4028,
            1006,
            4410,
            2765,
            3209,
            2684,
            1690,
            4326,
            2430,
            3576,
            157,
            1358,
            619,
            656,
            1149,
            3928,
            1793,
            4370,
            2762,
            1341,
            4125,
            808,
            2333,
            1294,
            2088,
            1374,
            1327,
            1343,
            3865,
            1457,
            940
        ]
    ],
    "blocklist": [
        1294,
        1457,
        1149,
        610,
        5288,
        2179,
        4370,
        2088,
        656,
        1793,
        2684,
        3928,
        3129,
        791,
        2164,
        4480,
        1006,
        800,
        3209,
        3838,
        3576,
        2249,
        3337,
        470,
        1438,
        3015,
        3407,
        2341,
        3959,
        1599,
        1508,
        3630,
        1546,
        894,
        1939,
        2321,
        2322,
        2791,
        1940,
        199,
        4832,
        2161,
        2230,
        2566,
        3368,
        367,
        1531,
        274,
        2662,
        547,
        3642,
        5076,
        1611,
        5172,
        1030
    ],
    "best_model_1": 1,
    "segments_2": [
        [
            1294,
            1457,
            1149,
            610,
            5288,
            2179,
            4370,
            2088,
            656,
            1793,
            2684,
            3928,
            3129,
            791,
            2164,
            4480,
            1006,
            800,
            3209,
            3838,
            3576,
            2249
        ],
        [
            2756,
            1327,
            51,
            1188,
            1690,
            2762,
            2694,
            1553,
            176,
            851,
            717,
            1343,
            2053,
            2333,
            3833,
            210,
            4028,
            1589,
            1341,
            651,
            1374,
            2943
        ],
        [
            1358,
            4125,
            2907,
            157,
            2765,
            4868,
            940,
            4326,
            619,
            808,
            2263,
            3482,
            4410,
            2865,
            2400,
            794,
            966,
            4622,
            3083,
            4126,
            2430,
            4548
        ]
    ],
    "best_model_2": 1,
    "segments_3": [
        [
            2943,
            4868,
            1343,
            619,
            2694,
            3083,
            717,
            4326,
            2430,
            176,
            4410,
            4548,
            651,
            3482,
            2907
        ],
        [
            210,
            1341,
            808,
            851,
            2762,
            1327,
            3833,
            940,
            51,
            1690,
            794,
            157,
            2333,
            1358,
            2865
        ],
        [
            1374,
            3865,
            1589,
            4028,
            4125,
            2400,
            1188,
            1553,
            4126,
            2263,
            966,
            2053,
            2765,
            4622,
            2756
        ]
    ],
    "best_model_3": 1
}