k_fraction,average_distance
0,0.8071562017016557
25,0.4390104871719826
50,0.5954058694828424
75,0.22410141286713983
output-pe,0.48754856885747727
