k_fraction,score_average
0,0.5331956303794868
25,0.775890738653834
50,0.5464454136803397
75,0.8830488521081861
output-pe,0.8848625800572336
