k_fraction,score_average
0,0.0066524242633022364
25,0.1261053803435061
50,0.15859045717515982
75,0.1193989421473816
output-pe,0.1759645999467466
