k_fraction,average_distance
0,1.216615582069529
25,0.9752667619357908
50,0.9144201881081976
75,0.9878930226353801
output-pe,0.8890536839917011
