Grouping Function,Evaluation Function,Starting Distance,Convergence Speed (rounds),Convergence Accuracy (final distance),Pearson Correlation
epsilon_greedy,dot_product,9.23796073171056,7.615384615384615,6.306401837754439,0.8646596873543294
epsilon_greedy,l1_norm,9.435604336713999,10.4,4.134576867876323,0.8704060419232056
epsilon_greedy,l2_norm,9.509608924057003,14.581395348837209,3.420621885446363,0.8927715899499669
interleaved,dot_product,9.547615069914297,8.458333333333334,7.342937959025221,0.7857198433716076
interleaved,l1_norm,9.43249630220786,10.243243243243244,4.095409581366622,0.7936485971444747
interleaved,l2_norm,9.224576651099516,9.08108108108108,3.4936809451400315,0.8257936548940582
random,dot_product,9.6370520253119,7.0,6.5270852475092695,0.9183268661888188
random,l1_norm,9.481478240935623,10.047619047619047,3.61455825134593,0.8705738469870478
random,l2_norm,9.354257042309305,9.179487179487179,3.5442230955484098,0.8912065339429343
