Grouping Function,Evaluation Function,Starting Distance,Convergence Speed (rounds),Convergence Accuracy (final distance),Pearson Correlation,Inverted Pearson
epsilon_greedy,dot_product,9.231217055760695,11.8,6.062512872774851,0.7941144723885769,1.2773424136152922
epsilon_greedy,l1_norm,9.650205770522671,11.421052631578947,4.139578187587431,0.7926119243665631,1.279300422500363
epsilon_greedy,l2_norm,9.727344294597993,10.029411764705882,3.99311434408189,0.8421974489186294,1.1944478324147305
interleaved,dot_product,9.526226474396793,8.115384615384615,6.783235596375558,0.7183747167516281,1.423343201549149
interleaved,l1_norm,9.61775572362637,12.972222222222221,4.440421434838049,0.8426840423701772,1.2026730796696996
interleaved,l2_norm,9.61663147123134,11.605263157894736,4.027162024551214,0.7983613750994647,1.2672175234217535
random,dot_product,9.464804422829864,7.518518518518518,6.661283196605175,0.8584302821668561,1.1719446429942926
random,l1_norm,9.470971689133297,10.8,3.7364037042788487,0.8266492750074125,1.2184858631844067
random,l2_norm,9.600468601770995,10.486486486486486,3.839882645899429,0.866377779981611,1.1603757203799412
