{
    "emotion_target": "disapproval",
    "label_order": {
        "disapproval": 0,
        "remorse": 1,
        "sadness": 2,
        "love": 3,
        "caring": 4,
        "disappointment": 5,
        "approval": 6,
        "gratitude": 7,
        "admiration": 8,
        "grief": 9,
        "optimism": 10,
        "realization": 12,
        "desire": 13,
        "curiosity": 14,
        "confusion": 15,
        "anger": 16,
        "embarrassment": 17,
        "joy": 18,
        "amusement": 19,
        "disgust": 20,
        "annoyance": 21,
        "neutral": 22,
        "nervousness": 23,
        "relief": 24,
        "fear": 25,
        "excitement": 26,
        "surprise": 27,
        "pride": 28
    },
    "target_sample": {
        "text": "Couldn\u2019t agree more",
        "emotion": [
            0.8747379779815674,
            0.0011963789584115148,
            0.004086807835847139,
            0.0034350333735346794,
            0.004098237957805395,
            0.021896380931138992,
            0.03128308430314064,
            0.004131628666073084,
            0.004246066324412823,
            0.0005600628792308271,
            0.003763518063351512,
            0.011631101369857788,
            0.0022264153230935335,
            0.0020728488452732563,
            0.007242411840707064,
            0.007618423085659742,
            0.0017372012371197343,
            0.0036079769488424063,
            0.002659511286765337,
            0.004038714338093996,
            0.042269669473171234,
            0.1277143955230713,
            0.0005418261862359941,
            0.0013952869921922684,
            0.0008532106876373291,
            0.0023274305276572704,
            0.0027025523595511913,
            0.0005258835153654218
        ]
    },
    "segments_1": [
        [
            4696,
            4828,
            1746,
            4508,
            1328,
            368,
            4134,
            4146,
            4251,
            2636,
            642,
            2064,
            4118,
            1512,
            1975,
            2254,
            2486,
            2543,
            5001,
            629,
            3944,
            1519,
            4565,
            1362,
            2516,
            3846,
            324,
            1381,
            4791,
            3708,
            2132,
            481,
            2375
        ],
        [
            1880,
            1873,
            2701,
            2197,
            2405,
            4858,
            4515,
            1525,
            1543,
            3009,
            786,
            489,
            3901,
            3917,
            2732,
            703,
            1733,
            1946,
            3933,
            799,
            5240,
            623,
            4877,
            1279,
            2803,
            5370,
            86,
            4138,
            1373,
            4463,
            5395,
            1800,
            2355
        ],
        [
            443,
            3181,
            2404,
            3657,
            4375,
            2511,
            810,
            260,
            1825,
            1068,
            4676,
            401,
            1047,
            3456,
            2505,
            229,
            2357,
            3964,
            3254,
            3366,
            3242,
            995,
            4815,
            1359,
            3066,
            512,
            3972,
            3951,
            252,
            410,
            4663,
            3159,
            4250
        ]
    ],
    "blocklist": [
        2505,
        3456,
        4815,
        4676,
        4828,
        368,
        995,
        1328,
        2254,
        1519,
        1068,
        4251,
        642,
        4118,
        4375,
        1975,
        260,
        3657,
        3066,
        481,
        2516,
        3366,
        1880,
        1873,
        2701,
        2197,
        2405,
        4858,
        4515,
        1525,
        1543,
        3009,
        786,
        489,
        3901,
        3917,
        2732,
        703,
        1733,
        1946,
        3933,
        799,
        5240,
        623,
        4877,
        1279,
        2803,
        5370,
        86,
        4138,
        1373,
        4463,
        5395,
        1800,
        2355
    ],
    "best_model_1": 2,
    "segments_2": [
        [
            4508,
            3254,
            4134,
            3944,
            629,
            4146,
            2404,
            4696,
            3951,
            1047,
            5001,
            1362,
            4791,
            4565,
            443,
            2375,
            2636,
            3242,
            3972,
            1825,
            324,
            2486
        ],
        [
            2505,
            3456,
            4815,
            4676,
            4828,
            368,
            995,
            1328,
            2254,
            1519,
            1068,
            4251,
            642,
            4118,
            4375,
            1975,
            260,
            3657,
            3066,
            481,
            2516,
            3366
        ],
        [
            401,
            3159,
            1381,
            3846,
            229,
            4250,
            1359,
            3708,
            512,
            4181,
            3181,
            2511,
            1746,
            2132,
            3964,
            252,
            1512,
            2357,
            2543,
            410,
            4663,
            810
        ]
    ],
    "best_model_2": 2,
    "segments_3": [
        [
            401,
            512,
            3181,
            2486,
            2543,
            3846,
            4508,
            2357,
            3159,
            443,
            1512,
            2404,
            3708,
            2064,
            1047
        ],
        [
            1359,
            3254,
            4696,
            1746,
            4791,
            4134,
            4565,
            4250,
            2511,
            4663,
            3951,
            3964,
            1825,
            324,
            2375
        ],
        [
            252,
            4181,
            3944,
            229,
            629,
            1381,
            2636,
            4146,
            5001,
            1362,
            410,
            810,
            3972,
            2132,
            3242
        ]
    ],
    "best_model_3": 1
}