k_fraction,average_distance
0,1.2376293089620782
25,0.5081570457364533
50,0.31906339985160026
75,0.22713808569347252
output-pe,0.5447586961134179
