k_fraction,score_average
0,0.05880631416803226
25,0.6094338017399423
50,0.7688555809727404
75,0.794317409658106
output-pe,0.6850979342882055
