k_fraction,score_average
0,0.005426443973556161
25,0.05027613202109933
50,0.005207738571334631
75,0.0235776683955919
output-pe,0.00849533953005448
