k_fraction,average_distance
0,1.1981734991609232
25,1.1028894881299551
50,1.1266836551676878
75,1.0961079865834544
output-pe,1.1341088777652553
