{
    "emotion_target": "love",
    "label_order": {
        "love": 0,
        "remorse": 1,
        "sadness": 2,
        "caring": 4,
        "disappointment": 5,
        "approval": 6,
        "gratitude": 7,
        "admiration": 8,
        "grief": 9,
        "optimism": 10,
        "disapproval": 11,
        "realization": 12,
        "desire": 13,
        "curiosity": 14,
        "confusion": 15,
        "anger": 16,
        "embarrassment": 17,
        "joy": 18,
        "amusement": 19,
        "disgust": 20,
        "annoyance": 21,
        "neutral": 22,
        "nervousness": 23,
        "relief": 24,
        "fear": 25,
        "excitement": 26,
        "surprise": 27,
        "pride": 28
    },
    "target_sample": {
        "text": "I did! Never moving back, I love my life in the \"big smoke\".",
        "emotion": [
            0.9667323231697083,
            0.0017929197056218982,
            0.005414500832557678,
            0.004314071033149958,
            0.004916546866297722,
            0.031717609614133835,
            0.005666177719831467,
            0.03187558799982071,
            0.000633409945294261,
            0.007639928255230188,
            0.005740693770349026,
            0.00854717567563057,
            0.00877123698592186,
            0.001920331153087318,
            0.0035720919258892536,
            0.004399281460791826,
            0.0008584931492805481,
            0.027491163462400436,
            0.0032730635721236467,
            0.0021800624672323465,
            0.004861803725361824,
            0.012093131430447102,
            0.0010036567691713572,
            0.0007823435589671135,
            0.0014351166319102049,
            0.008166824467480183,
            0.003253109520301223,
            0.0007798876031301916
        ]
    },
    "segments_1": [
        [
            2040,
            3305,
            1129,
            1765,
            3180,
            4009,
            2718,
            5146,
            465,
            3056,
            2657,
            242,
            2528,
            5091,
            1559,
            4003,
            4583,
            2688,
            2171,
            528,
            1853,
            88,
            2425,
            480,
            5074,
            2698,
            677,
            5416,
            3870,
            4773,
            674,
            1683,
            1468
        ],
        [
            1082,
            1000,
            2076,
            5096,
            1951,
            4155,
            1570,
            3144,
            916,
            1282,
            4329,
            3715,
            2209,
            4365,
            2097,
            1688,
            3243,
            5256,
            26,
            2650,
            3252,
            2795,
            2288,
            5104,
            3894,
            4757,
            2143,
            3658,
            3750,
            1472,
            4141,
            1838,
            3787
        ],
        [
            660,
            1660,
            3996,
            1350,
            1984,
            1387,
            1005,
            1412,
            4692,
            1795,
            339,
            1639,
            5194,
            2195,
            2903,
            2160,
            4792,
            4888,
            216,
            920,
            4741,
            2743,
            2393,
            583,
            3755,
            5058,
            5152,
            3647,
            2870,
            2470,
            1585,
            2812,
            1044
        ]
    ],
    "blocklist": [
        5091,
        3305,
        4155,
        1468,
        2143,
        2698,
        3787,
        3252,
        2650,
        3243,
        2657,
        2795,
        5104,
        1000,
        2528,
        1838,
        1765,
        1767,
        4757,
        3894,
        3180,
        1082,
        660,
        1660,
        3996,
        1350,
        1984,
        1387,
        1005,
        1412,
        4692,
        1795,
        339,
        1639,
        5194,
        2195,
        2903,
        2160,
        4792,
        4888,
        216,
        920,
        4741,
        2743,
        2393,
        583,
        3755,
        5058,
        5152,
        3647,
        2870,
        2470,
        1585,
        2812,
        1044
    ],
    "best_model_1": 3,
    "segments_2": [
        [
            5091,
            3305,
            4155,
            1468,
            2143,
            2698,
            3787,
            3252,
            2650,
            3243,
            2657,
            2795,
            5104,
            1000,
            2528,
            1838,
            1765,
            1767,
            4757,
            3894,
            3180,
            1082
        ],
        [
            3144,
            26,
            916,
            5146,
            2097,
            4773,
            5074,
            2688,
            3056,
            2171,
            1282,
            4329,
            3658,
            1129,
            242,
            480,
            4583,
            1570,
            2425,
            3715,
            1472,
            2718
        ],
        [
            4003,
            1688,
            2076,
            3870,
            5256,
            2209,
            2288,
            5096,
            88,
            1559,
            4365,
            465,
            1683,
            1951,
            4141,
            3750,
            1853,
            5416,
            674,
            2040,
            677,
            528
        ]
    ],
    "best_model_2": 1,
    "segments_3": [
        [
            5416,
            3144,
            2040,
            5096,
            1853,
            2171,
            2097,
            1559,
            1951,
            242,
            3658,
            4009,
            2718,
            3870,
            1683
        ],
        [
            2688,
            528,
            677,
            1570,
            3750,
            2076,
            916,
            1688,
            3056,
            26,
            674,
            4141,
            480,
            4773,
            88
        ],
        [
            4003,
            5074,
            2425,
            4583,
            2209,
            465,
            3715,
            1282,
            2288,
            1472,
            4329,
            5256,
            4365,
            5146,
            1129
        ]
    ],
    "best_model_3": 3
}