{
    "emotion_target": "optimism",
    "label_order": {
        "optimism": 0,
        "remorse": 1,
        "sadness": 2,
        "love": 3,
        "caring": 4,
        "disappointment": 5,
        "approval": 6,
        "gratitude": 7,
        "admiration": 8,
        "grief": 9,
        "disapproval": 11,
        "realization": 12,
        "desire": 13,
        "curiosity": 14,
        "confusion": 15,
        "anger": 16,
        "embarrassment": 17,
        "joy": 18,
        "amusement": 19,
        "disgust": 20,
        "annoyance": 21,
        "neutral": 22,
        "nervousness": 23,
        "relief": 24,
        "fear": 25,
        "excitement": 26,
        "surprise": 27,
        "pride": 28
    },
    "target_sample": {
        "text": "Yeah if you\u2019re able to fulfill that. Hopefully the bonus is worth it",
        "emotion": [
            0.9412551522254944,
            0.0023801415227353573,
            0.0015075656119734049,
            0.004710185341536999,
            0.05577400326728821,
            0.0039160363376140594,
            0.0716504156589508,
            0.023746345192193985,
            0.03716236725449562,
            0.0007456273888237774,
            0.0050505539402365685,
            0.007986977696418762,
            0.06394384056329727,
            0.003484083106741309,
            0.0025756102986633778,
            0.0028724197763949633,
            0.0005124891176819801,
            0.00887414813041687,
            0.0032959948293864727,
            0.0010651443153619766,
            0.006907680071890354,
            0.03502441197633743,
            0.0007126395357772708,
            0.0018951133824884892,
            0.0013357297284528613,
            0.0075449091382324696,
            0.0033487409818917513,
            0.0034406192135065794
        ]
    },
    "segments_1": [
        [
            1141,
            1960,
            1459,
            5133,
            2532,
            3537,
            1060,
            860,
            2170,
            788,
            2032,
            2031,
            5193,
            4319,
            3707,
            1198,
            640,
            3567,
            4106,
            1680,
            2582,
            3371,
            4374,
            3563,
            3575,
            4724,
            3885,
            4245,
            5392,
            5002,
            4261,
            2797,
            3856
        ],
        [
            457,
            3867,
            209,
            4944,
            4631,
            5236,
            1400,
            1541,
            1324,
            2346,
            1354,
            3562,
            4739,
            5158,
            4347,
            1290,
            581,
            1667,
            33,
            3484,
            1717,
            5407,
            4057,
            2587,
            3486,
            2147,
            4814,
            4949,
            4612,
            4292,
            1859,
            2191,
            5371
        ],
        [
            1988,
            2,
            3435,
            2846,
            4661,
            929,
            2608,
            3339,
            1180,
            5264,
            1443,
            362,
            3619,
            3462,
            4872,
            3607,
            3703,
            1943,
            117,
            421,
            3552,
            5362,
            4222,
            2450,
            3895,
            3682,
            2247,
            447,
            4732,
            5317,
            1847,
            4051,
            2901
        ]
    ],
    "blocklist": [
        1680,
        117,
        5133,
        860,
        2170,
        4374,
        1141,
        2,
        5002,
        1988,
        2582,
        4245,
        421,
        4872,
        1060,
        1198,
        3462,
        3856,
        4661,
        4261,
        2797,
        3563,
        457,
        3867,
        209,
        4944,
        4631,
        5236,
        1400,
        1541,
        1324,
        2346,
        1354,
        3562,
        4739,
        5158,
        4347,
        1290,
        581,
        1667,
        33,
        3484,
        1717,
        5407,
        4057,
        2587,
        3486,
        2147,
        4814,
        4949,
        4612,
        4292,
        1859,
        2191,
        5371
    ],
    "best_model_1": 2,
    "segments_2": [
        [
            3682,
            2608,
            3707,
            5317,
            4724,
            1180,
            5193,
            3567,
            3703,
            1960,
            1847,
            1443,
            2031,
            2846,
            447,
            3575,
            3339,
            3552,
            929,
            4106,
            596,
            3895
        ],
        [
            3537,
            2532,
            4222,
            1943,
            4319,
            3435,
            788,
            3885,
            1459,
            5362,
            3607,
            5264,
            3371,
            640,
            4051,
            2901,
            5392,
            4732,
            2247,
            362,
            2450,
            2032
        ],
        [
            1680,
            117,
            5133,
            860,
            2170,
            4374,
            1141,
            2,
            5002,
            1988,
            2582,
            4245,
            421,
            4872,
            1060,
            1198,
            3462,
            3856,
            4661,
            4261,
            2797,
            3563
        ]
    ],
    "best_model_2": 3,
    "segments_3": [
        [
            3575,
            447,
            5193,
            5264,
            2031,
            5392,
            596,
            3339,
            2532,
            4106,
            2450,
            5362,
            929,
            4732,
            362
        ],
        [
            1443,
            4724,
            3619,
            4051,
            640,
            3895,
            2032,
            3537,
            3707,
            4222,
            3607,
            3552,
            3682,
            3435,
            3371
        ],
        [
            1943,
            1459,
            1847,
            1960,
            788,
            4319,
            2846,
            5317,
            2608,
            3703,
            2901,
            1180,
            3885,
            3567,
            2247
        ]
    ],
    "best_model_3": 2
}