{
    "emotion_target": "disappointment",
    "label_order": {
        "disappointment": 0,
        "remorse": 1,
        "sadness": 2,
        "love": 3,
        "caring": 4,
        "approval": 6,
        "gratitude": 7,
        "admiration": 8,
        "grief": 9,
        "optimism": 10,
        "disapproval": 11,
        "realization": 12,
        "desire": 13,
        "curiosity": 14,
        "confusion": 15,
        "anger": 16,
        "embarrassment": 17,
        "joy": 18,
        "amusement": 19,
        "disgust": 20,
        "annoyance": 21,
        "neutral": 22,
        "nervousness": 23,
        "relief": 24,
        "fear": 25,
        "excitement": 26,
        "surprise": 27,
        "pride": 28
    },
    "target_sample": {
        "text": "making us look like punks, disappointing",
        "emotion": [
            0.8682425618171692,
            0.007057717069983482,
            0.07226920127868652,
            0.007638765498995781,
            0.0019023881759494543,
            0.009806959889829159,
            0.0008587004849687219,
            0.009123183786869049,
            0.002470756182447076,
            0.010981114581227303,
            0.0779699832201004,
            0.014491502195596695,
            0.003973290324211121,
            0.005823307204991579,
            0.007915510796010494,
            0.009836025536060333,
            0.012053808197379112,
            0.002693245653063059,
            0.0016426638467237353,
            0.00866782758384943,
            0.10492229461669922,
            0.06871858239173889,
            0.003873431123793125,
            0.0015330095775425434,
            0.0021890399511903524,
            0.0027252081781625748,
            0.007403158117085695,
            0.0006640811334364116
        ]
    },
    "segments_1": [
        [
            4779,
            3940,
            2317,
            4711,
            2552,
            5410,
            378,
            435,
            1197,
            2053,
            2287,
            3618,
            2121,
            2752,
            4115,
            2969,
            5233,
            679,
            304,
            4233,
            4223,
            2055,
            2832,
            1761,
            1981,
            5043,
            1064,
            5260,
            2414,
            1734,
            2822,
            657,
            1781
        ],
        [
            993,
            3697,
            1035,
            1439,
            2823,
            5394,
            1505,
            765,
            4213,
            4029,
            3713,
            2388,
            2297,
            1827,
            2920,
            4669,
            1185,
            1462,
            3794,
            2621,
            4049,
            5098,
            1347,
            71,
            5226,
            3875,
            2884,
            266,
            936,
            2567,
            3107,
            4992,
            2995
        ],
        [
            5401,
            173,
            1759,
            502,
            2559,
            2341,
            525,
            3028,
            4587,
            4451,
            4843,
            3527,
            3453,
            769,
            1737,
            4645,
            4867,
            4965,
            4397,
            3518,
            407,
            637,
            4807,
            4611,
            1640,
            2769,
            2642,
            911,
            1188,
            4299,
            5209,
            4557,
            307
        ]
    ],
    "blocklist": [
        3227,
        5098,
        4029,
        3697,
        3940,
        2414,
        2969,
        266,
        1439,
        1781,
        1827,
        2053,
        1734,
        1064,
        5410,
        1761,
        4049,
        4669,
        435,
        2121,
        4779,
        2552,
        5401,
        173,
        1759,
        502,
        2559,
        2341,
        525,
        3028,
        4587,
        4451,
        4843,
        3527,
        3453,
        769,
        1737,
        4645,
        4867,
        4965,
        4397,
        3518,
        407,
        637,
        4807,
        4611,
        1640,
        2769,
        2642,
        911,
        1188,
        4299,
        5209,
        4557,
        307
    ],
    "best_model_1": 3,
    "segments_2": [
        [
            657,
            1185,
            4223,
            2287,
            2884,
            2621,
            2822,
            5394,
            378,
            2317,
            2920,
            1505,
            1462,
            2297,
            4233,
            2832,
            3875,
            4115,
            3794,
            4213,
            1981,
            765
        ],
        [
            3618,
            71,
            2055,
            304,
            5043,
            2823,
            5226,
            2995,
            2752,
            993,
            1035,
            4992,
            5260,
            1197,
            2567,
            936,
            5233,
            2388,
            3107,
            4711,
            679,
            1347
        ],
        [
            3227,
            5098,
            4029,
            3697,
            3940,
            2414,
            2969,
            266,
            1439,
            1781,
            1827,
            2053,
            1734,
            1064,
            5410,
            1761,
            4049,
            4669,
            435,
            2121,
            4779,
            2552
        ]
    ],
    "best_model_2": 3,
    "segments_3": [
        [
            1505,
            304,
            679,
            3875,
            2567,
            4223,
            3107,
            1035,
            3713,
            2287,
            5394,
            993,
            1197,
            4115,
            2621
        ],
        [
            1347,
            2995,
            657,
            4213,
            1462,
            378,
            3618,
            3794,
            2832,
            2388,
            4233,
            765,
            2055,
            2752,
            2823
        ],
        [
            2297,
            2884,
            71,
            2317,
            4711,
            1185,
            5260,
            2822,
            936,
            4992,
            2920,
            5226,
            5233,
            1981,
            5043
        ]
    ],
    "best_model_3": 1
}