k_fraction,score_average
0,0.05872052891645581
25,0.6874412422417663
50,0.7740697630390059
75,0.6026569941255729
output-pe,0.5470920562627726
