k_fraction,average_distance
0,1.2734994543792009
25,0.41233270480636436
50,0.2632125894186242
75,0.4694668536005914
output-pe,0.6927180100805959
