Grouping Function,Evaluation Function,Starting Distance,Convergence Speed (rounds),Convergence Accuracy (final distance),Pearson Correlation,Inverted Pearson
epsilon_greedy,dot_product,9.592599062243227,8.407407407407407,6.187052110091112,0.6759966281568335,1.594401895018031
epsilon_greedy,l1_norm,9.568888095881764,10.766666666666667,4.563002615579892,0.7147367646032207,1.4392064680116403
epsilon_greedy,l2_norm,9.443019944390548,13.64864864864865,3.917577982441105,0.7671469516428772,1.34034436078755
interleaved,dot_product,9.71107396985719,10.764705882352942,6.2947723444097194,0.6844388461555257,1.4883963621329679
interleaved,l1_norm,9.462778392710012,12.783783783783784,4.274497435096751,0.8364385879367322,1.2064799113937255
interleaved,l2_norm,9.360481261642606,9.567567567567568,3.9806329111476533,0.8470431903857448,1.1929738701650583
random,dot_product,9.838767383373028,8.73913043478261,6.993412732367798,0.7754004011035011,1.3120505323754483
random,l1_norm,9.49507705501434,11.583333333333334,4.239983900930841,0.8105142141844786,1.249895767424139
random,l2_norm,9.648747037694793,15.264705882352942,4.002280947151441,0.8589178770019354,1.1733922599900053
