{
    "emotion_target": "embarrassment",
    "label_order": {
        "embarrassment": 0,
        "remorse": 1,
        "sadness": 2,
        "love": 3,
        "caring": 4,
        "disappointment": 5,
        "approval": 6,
        "gratitude": 7,
        "admiration": 8,
        "grief": 9,
        "optimism": 10,
        "disapproval": 11,
        "realization": 12,
        "desire": 13,
        "curiosity": 14,
        "confusion": 15,
        "anger": 16,
        "joy": 18,
        "amusement": 19,
        "disgust": 20,
        "annoyance": 21,
        "neutral": 22,
        "nervousness": 23,
        "relief": 24,
        "fear": 25,
        "excitement": 26,
        "surprise": 27,
        "pride": 28
    },
    "target_sample": {
        "text": "Oh my [NAME] that's so awkward",
        "emotion": [
            0.8184740543365479,
            0.04869063198566437,
            0.034326598048210144,
            0.00437896978110075,
            0.00233394093811512,
            0.06912034004926682,
            0.013809019699692726,
            0.0028044877108186483,
            0.005203944630920887,
            0.00395745737478137,
            0.0012941141612827778,
            0.02375371940433979,
            0.03814700245857239,
            0.001409150892868638,
            0.05312636122107506,
            0.026769785210490227,
            0.013017494231462479,
            0.002794560045003891,
            0.020319953560829163,
            0.12764787673950195,
            0.07679489254951477,
            0.023717867210507393,
            0.011021837592124939,
            0.0024601679760962725,
            0.020263051614165306,
            0.005702507682144642,
            0.03248250111937523,
            0.001434938283637166
        ]
    },
    "segments_1": [
        [
            1522,
            4832,
            176,
            3786,
            1463,
            1715,
            3368,
            2943,
            2865,
            5087,
            823,
            3033,
            1553,
            794,
            2776,
            5380,
            2825,
            3015,
            2773,
            3473,
            1763,
            4326,
            3741,
            4426,
            1582,
            4833,
            157,
            376,
            1343,
            1188,
            210,
            4480,
            911
        ],
        [
            1626,
            1869,
            2206,
            1451,
            2684,
            2341,
            966,
            3714,
            2179,
            5269,
            4126,
            1793,
            2791,
            1079,
            2907,
            2164,
            3625,
            5409,
            3668,
            3227,
            2566,
            3850,
            187,
            3418,
            800,
            2161,
            4028,
            1327,
            1374,
            274,
            2388,
            1341,
            2756
        ],
        [
            3694,
            307,
            5394,
            4622,
            2935,
            1421,
            241,
            1612,
            4125,
            4510,
            2112,
            2823,
            617,
            4049,
            3990,
            1358,
            1611,
            4241,
            3654,
            4029,
            91,
            319,
            4471,
            2205,
            693,
            5288,
            2578,
            446,
            3748,
            3865,
            4772,
            4370,
            3106
        ]
    ],
    "blocklist": [
        4510,
        91,
        4370,
        693,
        2112,
        1626,
        2791,
        2388,
        1611,
        3668,
        1358,
        1421,
        4125,
        1374,
        2566,
        5051,
        2907,
        2205,
        3850,
        3625,
        446,
        5269,
        1522,
        4832,
        176,
        3786,
        1463,
        1715,
        3368,
        2943,
        2865,
        5087,
        823,
        3033,
        1553,
        794,
        2776,
        5380,
        2825,
        3015,
        2773,
        3473,
        1763,
        4326,
        3741,
        4426,
        1582,
        4833,
        157,
        376,
        1343,
        1188,
        210,
        4480,
        911
    ],
    "best_model_1": 1,
    "segments_2": [
        [
            187,
            5288,
            2206,
            1612,
            3654,
            1341,
            3748,
            3418,
            4241,
            4471,
            4622,
            274,
            2161,
            5394,
            3694,
            1079,
            3865,
            2756,
            3990,
            3227,
            966,
            2179
        ],
        [
            2935,
            2164,
            4028,
            2684,
            3106,
            4029,
            617,
            319,
            800,
            1451,
            2578,
            2341,
            1869,
            4126,
            1327,
            307,
            4772,
            1793,
            241,
            3714,
            5409,
            4049
        ],
        [
            4510,
            91,
            4370,
            693,
            2112,
            1626,
            2791,
            2388,
            1611,
            3668,
            1358,
            1421,
            4125,
            1374,
            2566,
            5051,
            2907,
            2205,
            3850,
            3625,
            446,
            5269
        ]
    ],
    "best_model_2": 3,
    "segments_3": [
        [
            2206,
            2823,
            3418,
            241,
            2164,
            3865,
            966,
            4241,
            4029,
            1327,
            3990,
            187,
            5394,
            3106,
            4622
        ],
        [
            1341,
            5288,
            1079,
            1793,
            4772,
            3654,
            4126,
            2179,
            2578,
            800,
            307,
            617,
            2935,
            2756,
            5409
        ],
        [
            2684,
            274,
            1869,
            1451,
            3714,
            4471,
            2161,
            1612,
            4049,
            3227,
            3694,
            2341,
            4028,
            319,
            3748
        ]
    ],
    "best_model_3": 2
}