{
    "emotion_target": "joy",
    "label_order": {
        "joy": 0,
        "remorse": 1,
        "sadness": 2,
        "love": 3,
        "caring": 4,
        "disappointment": 5,
        "approval": 6,
        "gratitude": 7,
        "admiration": 8,
        "grief": 9,
        "optimism": 10,
        "disapproval": 11,
        "realization": 12,
        "desire": 13,
        "curiosity": 14,
        "confusion": 15,
        "anger": 16,
        "embarrassment": 17,
        "amusement": 19,
        "disgust": 20,
        "annoyance": 21,
        "neutral": 22,
        "nervousness": 23,
        "relief": 24,
        "fear": 25,
        "excitement": 26,
        "surprise": 27,
        "pride": 28
    },
    "target_sample": {
        "text": "My kitten just got very happy when Pasta scored. Such loud purrs! I was happy too.",
        "emotion": [
            0.9090378880500793,
            0.0013202852569520473,
            0.0060519264079630375,
            0.03733944892883301,
            0.01696273870766163,
            0.002532410668209195,
            0.03217114135622978,
            0.012224824167788029,
            0.05146089196205139,
            0.0013937107287347317,
            0.006232422310858965,
            0.0050761341117322445,
            0.007396782748401165,
            0.003952597733587027,
            0.0023618752602487803,
            0.0031109999399632215,
            0.0033073259983211756,
            0.0011958538088947535,
            0.012033757753670216,
            0.0008885085699148476,
            0.006639392115175724,
            0.021105943247675896,
            0.00210172007791698,
            0.023054080083966255,
            0.0009885856416076422,
            0.029363075271248817,
            0.0019569331780076027,
            0.0066573042422533035
        ]
    },
    "segments_1": [
        [
            2295,
            1151,
            4580,
            1977,
            3353,
            1566,
            4099,
            2502,
            3827,
            97,
            2003,
            5425,
            4301,
            3683,
            194,
            2873,
            859,
            820,
            3852,
            4113,
            1046,
            2614,
            400,
            2510,
            4123,
            943,
            2192,
            3540,
            744,
            3089,
            4020,
            4996,
            3842
        ],
        [
            2513,
            4915,
            2548,
            2767,
            2286,
            3887,
            549,
            1562,
            390,
            1515,
            2036,
            2069,
            2300,
            784,
            959,
            1488,
            4197,
            4192,
            4810,
            2623,
            1883,
            1003,
            1008,
            3111,
            885,
            1656,
            1168,
            789,
            4093,
            3411,
            3228,
            2311,
            2429
        ],
        [
            1049,
            5389,
            5327,
            3977,
            1419,
            2127,
            5111,
            1249,
            585,
            1741,
            1720,
            208,
            682,
            2184,
            3172,
            4460,
            2475,
            4835,
            4045,
            3070,
            3387,
            1663,
            4418,
            2783,
            4880,
            4658,
            4705,
            1675,
            1116,
            4128,
            4985,
            1097,
            4861
        ]
    ],
    "blocklist": [
        4301,
        4996,
        1656,
        2510,
        390,
        959,
        4093,
        784,
        2873,
        2513,
        3827,
        1562,
        3111,
        3842,
        885,
        2069,
        3852,
        4113,
        1003,
        2614,
        2295,
        1151,
        1049,
        5389,
        5327,
        3977,
        1419,
        2127,
        5111,
        1249,
        585,
        1741,
        1720,
        208,
        682,
        2184,
        3172,
        4460,
        2475,
        4835,
        4045,
        3070,
        3387,
        1663,
        4418,
        2783,
        4880,
        4658,
        4705,
        1675,
        1116,
        4128,
        4985,
        1097,
        4861
    ],
    "best_model_1": 3,
    "segments_2": [
        [
            4301,
            4996,
            1656,
            2510,
            390,
            959,
            4093,
            784,
            2873,
            2513,
            3827,
            1562,
            3111,
            3842,
            885,
            2069,
            3852,
            4113,
            1003,
            2614,
            2295,
            1151
        ],
        [
            3089,
            2036,
            4197,
            3683,
            2502,
            2429,
            2623,
            2192,
            2003,
            1046,
            4580,
            549,
            2286,
            789,
            4020,
            4123,
            4810,
            1566,
            2548,
            1008,
            3411,
            1515
        ],
        [
            2767,
            859,
            1168,
            1977,
            2300,
            3540,
            97,
            4915,
            1488,
            1883,
            194,
            4154,
            744,
            3228,
            5425,
            2311,
            4099,
            400,
            943,
            3887,
            820,
            4192
        ]
    ],
    "best_model_2": 1,
    "segments_3": [
        [
            1168,
            4123,
            1008,
            2192,
            400,
            4020,
            2502,
            4197,
            2429,
            1515,
            744,
            1566,
            859,
            3540,
            4154
        ],
        [
            3411,
            789,
            3887,
            4099,
            2767,
            97,
            5425,
            3089,
            2003,
            1488,
            943,
            549,
            2311,
            1977,
            2623
        ],
        [
            1883,
            2036,
            3353,
            3683,
            1046,
            2300,
            4192,
            2286,
            3228,
            2548,
            4580,
            194,
            820,
            4915,
            4810
        ]
    ],
    "best_model_3": 2
}