k_fraction,score_average
0,0.01021636629011482
25,0.13580547120654957
50,0.17750764239754063
75,0.1681875088484958
output-pe,0.17220891450997441
