k_fraction,average_distance
0,1.1512542450574046
25,0.9301855153050752
50,0.8897520202165616
75,0.8813787657920367
output-pe,0.9679786129953387
