{
    "emotion_target": "disgust",
    "label_order": {
        "disgust": 0,
        "remorse": 1,
        "sadness": 2,
        "love": 3,
        "caring": 4,
        "disappointment": 5,
        "approval": 6,
        "gratitude": 7,
        "admiration": 8,
        "grief": 9,
        "optimism": 10,
        "disapproval": 11,
        "realization": 12,
        "desire": 13,
        "curiosity": 14,
        "confusion": 15,
        "anger": 16,
        "embarrassment": 17,
        "joy": 18,
        "amusement": 19,
        "annoyance": 21,
        "neutral": 22,
        "nervousness": 23,
        "relief": 24,
        "fear": 25,
        "excitement": 26,
        "surprise": 27,
        "pride": 28
    },
    "target_sample": {
        "text": "Fcking disgusting.",
        "emotion": [
            0.8607881665229797,
            0.0034322075080126524,
            0.016124313697218895,
            0.025821005925536156,
            0.0025266308803111315,
            0.01640167087316513,
            0.021598484367132187,
            0.011920535936951637,
            0.013917036354541779,
            0.0016037821769714355,
            0.0033429882023483515,
            0.02356613054871559,
            0.005904809571802616,
            0.009322459809482098,
            0.013827122747898102,
            0.004848625510931015,
            0.03761092573404312,
            0.015280086547136307,
            0.002934541553258896,
            0.012318932451307774,
            0.06762796640396118,
            0.020475460216403008,
            0.0013385574566200376,
            0.000995391164906323,
            0.01398786623030901,
            0.005088259000331163,
            0.004488099366426468,
            0.000800672045443207
        ]
    },
    "segments_1": [
        [
            3106,
            4918,
            843,
            4168,
            5419,
            2606,
            4305,
            1925,
            3788,
            2993,
            3606,
            3539,
            259,
            3218,
            1866,
            2021,
            3893,
            3766,
            1463,
            4614,
            305,
            2826,
            672,
            2002,
            1678,
            731,
            698,
            3797,
            1492,
            1782,
            1498,
            2015,
            951
        ],
        [
            3786,
            4029,
            1308,
            2073,
            5207,
            2327,
            4028,
            4449,
            3609,
            4471,
            187,
            2729,
            3692,
            3741,
            1433,
            4500,
            1013,
            4386,
            1292,
            5087,
            2935,
            853,
            587,
            2845,
            5409,
            4422,
            4752,
            1522,
            332,
            3694,
            4857,
            566,
            1171
        ],
        [
            16,
            1673,
            1910,
            5125,
            2774,
            411,
            1834,
            2659,
            3253,
            3003,
            3432,
            4278,
            1226,
            1763,
            4730,
            1582,
            282,
            2949,
            3315,
            3990,
            2284,
            2370,
            4391,
            1635,
            2945,
            267,
            319,
            4326,
            569,
            5081,
            5340,
            2746,
            2574
        ]
    ],
    "blocklist": [
        267,
        5340,
        2284,
        3432,
        2945,
        411,
        1171,
        4391,
        2774,
        2845,
        5081,
        4849,
        2073,
        2574,
        3253,
        5125,
        5409,
        3692,
        4028,
        2729,
        1433,
        1226,
        3106,
        4918,
        843,
        4168,
        5419,
        2606,
        4305,
        1925,
        3788,
        2993,
        3606,
        3539,
        259,
        3218,
        1866,
        2021,
        3893,
        3766,
        1463,
        4614,
        305,
        2826,
        672,
        2002,
        1678,
        731,
        698,
        3797,
        1492,
        1782,
        1498,
        2015,
        951
    ],
    "best_model_1": 1,
    "segments_2": [
        [
            5087,
            4449,
            3315,
            2935,
            1013,
            2746,
            187,
            1910,
            1834,
            1522,
            4500,
            4326,
            1308,
            3609,
            332,
            4857,
            319,
            4471,
            2949,
            4752,
            2659,
            4029
        ],
        [
            3786,
            4730,
            569,
            1292,
            16,
            4278,
            282,
            1635,
            2370,
            1673,
            2327,
            3741,
            5207,
            853,
            587,
            3694,
            1582,
            566,
            4386,
            3990,
            1763,
            3003
        ],
        [
            267,
            5340,
            2284,
            3432,
            2945,
            411,
            1171,
            4391,
            2774,
            2845,
            5081,
            4849,
            2073,
            2574,
            3253,
            5125,
            5409,
            3692,
            4028,
            2729,
            1433,
            1226
        ]
    ],
    "best_model_2": 3,
    "segments_3": [
        [
            1308,
            2659,
            3990,
            5207,
            16,
            1292,
            332,
            1763,
            187,
            569,
            4278,
            1522,
            3694,
            282,
            587
        ],
        [
            1582,
            3786,
            4422,
            4326,
            2949,
            4029,
            853,
            1635,
            2935,
            1834,
            5087,
            3315,
            4752,
            1673,
            2746
        ],
        [
            4730,
            1013,
            3741,
            4857,
            2370,
            4386,
            3609,
            3003,
            566,
            4449,
            4471,
            1910,
            319,
            2327,
            4500
        ]
    ],
    "best_model_3": 3
}