k_fraction,love_score_average
0,0.075503816496348
25,0.5132710812613368
50,0.7314468485972612
75,0.7666847859043628
output-pe,0.6079824944259599
