k_fraction,average_distance
0,1.2410686768758858
25,0.5906905705800953
50,0.3594071795007439
75,0.31387498498486704
output-pe,0.7309458433383282
