k_fraction,average_distance
0,0.3569294143371301
33,0.22809176593487196
66,0.28828907124872327
100,0.12388090568745
output-pe,0.7415687352737351
