k_fraction,love_score_average
0,0.8823221445083618
33,0.8206695488654077
66,0.8320277246064507
100,0.8878995761275291
output-pe,0.5063423082290683
