{
    "emotion_target": "fear",
    "label_order": {
        "fear": 0,
        "remorse": 1,
        "sadness": 2,
        "love": 3,
        "caring": 4,
        "disappointment": 5,
        "approval": 6,
        "gratitude": 7,
        "admiration": 8,
        "grief": 9,
        "optimism": 10,
        "disapproval": 11,
        "realization": 12,
        "desire": 13,
        "curiosity": 14,
        "confusion": 15,
        "anger": 16,
        "embarrassment": 17,
        "joy": 18,
        "amusement": 19,
        "disgust": 20,
        "annoyance": 21,
        "neutral": 22,
        "nervousness": 23,
        "relief": 24,
        "excitement": 26,
        "surprise": 27,
        "pride": 28
    },
    "target_sample": {
        "text": "Omg, unbelievably scary. Insane ",
        "emotion": [
            0.9193726778030396,
            0.0018348946468904614,
            0.023631233721971512,
            0.006354875396937132,
            0.013203826732933521,
            0.010634088888764381,
            0.0172661691904068,
            0.004833069164305925,
            0.01669052429497242,
            0.0057088835164904594,
            0.012713535688817501,
            0.01247477624565363,
            0.01803966425359249,
            0.005779440514743328,
            0.006390821188688278,
            0.009544409811496735,
            0.008364688605070114,
            0.00582598801702261,
            0.008876664564013481,
            0.010201308876276016,
            0.022949760779738426,
            0.013713597320020199,
            0.023151462897658348,
            0.07522179931402206,
            0.0035033985041081905,
            0.010555388405919075,
            0.016060810536146164,
            0.0017402323428541422
        ]
    },
    "segments_1": [
        [
            2322,
            3576,
            560,
            3345,
            3303,
            2430,
            2570,
            2263,
            3429,
            1006,
            136,
            4794,
            1677,
            3482,
            547,
            2164,
            894,
            4212,
            4506,
            2766,
            2659,
            3854,
            3296,
            1524,
            4028,
            2400,
            3642,
            610,
            503,
            791,
            4868,
            441,
            1106
        ],
        [
            4423,
            5070,
            4913,
            4487,
            176,
            5409,
            1469,
            992,
            5075,
            4326,
            4432,
            263,
            14,
            3431,
            2694,
            4863,
            2865,
            54,
            1790,
            3928,
            1063,
            1438,
            632,
            1837,
            2230,
            1343,
            2088,
            1222,
            507,
            835,
            274,
            1546,
            717
        ],
        [
            2067,
            77,
            4110,
            2573,
            1690,
            2145,
            4577,
            3582,
            5010,
            4786,
            1248,
            3738,
            336,
            2696,
            131,
            851,
            4736,
            2249,
            3961,
            3340,
            4622,
            4040,
            3337,
            4845,
            250,
            4707,
            1327,
            1314,
            96,
            2187,
            715,
            4876,
            656
        ]
    ],
    "blocklist": [
        3854,
        1006,
        263,
        2766,
        3296,
        2088,
        503,
        1524,
        4487,
        4913,
        560,
        4506,
        4794,
        2430,
        4432,
        136,
        5075,
        1063,
        3345,
        2322,
        3429,
        1790,
        2067,
        77,
        4110,
        2573,
        1690,
        2145,
        4577,
        3582,
        5010,
        4786,
        1248,
        3738,
        336,
        2696,
        131,
        851,
        4736,
        2249,
        3961,
        3340,
        4622,
        4040,
        3337,
        4845,
        250,
        4707,
        1327,
        1314,
        96,
        2187,
        715,
        4876,
        656
    ],
    "best_model_1": 3,
    "segments_2": [
        [
            2570,
            1546,
            1677,
            717,
            176,
            547,
            658,
            4326,
            3482,
            4863,
            5070,
            992,
            274,
            1469,
            835,
            2865,
            5409,
            54,
            2230,
            441,
            507,
            4423
        ],
        [
            3642,
            2400,
            894,
            2263,
            14,
            632,
            3576,
            1438,
            791,
            3928,
            4028,
            2659,
            1222,
            4868,
            1837,
            2694,
            2164,
            3303,
            4212,
            3431,
            610,
            1106
        ],
        [
            3854,
            1006,
            263,
            2766,
            3296,
            2088,
            503,
            1524,
            4487,
            4913,
            560,
            4506,
            4794,
            2430,
            4432,
            136,
            5075,
            1063,
            3345,
            2322,
            3429,
            1790
        ]
    ],
    "best_model_2": 3,
    "segments_3": [
        [
            835,
            2570,
            2400,
            1677,
            5409,
            1469,
            3928,
            4028,
            2694,
            176,
            1837,
            3576,
            274,
            791,
            2164
        ],
        [
            14,
            894,
            54,
            658,
            507,
            4326,
            1438,
            441,
            3303,
            3482,
            2865,
            4868,
            2659,
            2230,
            4212
        ],
        [
            1343,
            5070,
            4423,
            3431,
            1106,
            547,
            992,
            1222,
            1546,
            4863,
            2263,
            610,
            3642,
            717,
            632
        ]
    ],
    "best_model_3": 2
}