k_fraction,score_average
0,0.4926926614774857
25,0.7324504563672235
50,0.6876918661000673
75,0.7830645096488297
output-pe,0.6642057932913303
