k_fraction,average_distance
0,0.8192469363118949
25,0.41840060473128843
50,0.5082088319561675
75,0.3731395565842628
output-pe,0.7167166821861934
