k_fraction,average_distance
0,1.146601888304725
33,0.8546671572523881
66,0.734947057006038
100,0.6021816979895798
output-pe,
