k_fraction,score_average
0,0.015036432613851503
33,0.22127449097461066
66,0.2964343165484024
100,0.474797519799904
output-pe,
