Grouping Function,Evaluation Function,Starting Distance,Convergence Speed (rounds),Convergence Accuracy (final distance),Pearson Correlation
epsilon_greedy,dot_product,9.976715554432987,14.8,5.047166202081138,0.35870393754682944
epsilon_greedy,l1_norm,9.867110062738526,21.135135135135137,4.052727728347727,0.31160301792669715
epsilon_greedy,l2_norm,9.848220805238363,22.135135135135137,4.032913212567227,0.35866500740168417
interleaved,dot_product,9.412548172197823,9.533333333333333,5.103366287705927,0.4186880726658304
interleaved,l1_norm,9.460329867538121,22.897435897435898,4.255554370820547,0.4168661695736513
interleaved,l2_norm,9.478915724475328,16.594594594594593,4.171538466576113,0.4976574811562389
random,dot_product,10.027113521842647,15.714285714285714,5.238590951472243,0.43856290274659004
random,l1_norm,9.419745329870102,15.114285714285714,4.270525319257111,0.4006437679878017
random,l2_norm,9.345016267230472,18.512820512820515,4.155244668969964,0.48542450538330956
