k_fraction,score_average
0,0.01723497774801217
25,0.5073675856445334
50,0.7384909104643157
75,0.49291077234374825
output-pe,0.5915064129163511
