k_fraction,average_distance
0,1.2711955639707295
25,0.6017741862390208
50,0.3363554157375082
75,0.6155278543910706
output-pe,0.6902358489492162
